Y,GENDER,ST011Q06,ST011Q07,ST013Q01,ST034Q01,MISCED,HISCED,BELONG,HOMEPOS,ESCS,treat
489.353,2,1,2,3,3,4,4,-0.7346,-0.4169,-0.5747,1
468.466,2,1,1,5,1,6,6,-3.1297,1.4445,1.1136,1
646.53,2,1,1,3,3,6,6,0.3645,1.1482,1.1287,1
549.696,2,1,2,3,3,6,6,0.2947,-0.0122,0.2683,1
520.364,2,1,2,3,3,6,6,-0.3381,0.6038,0.9699,1
486.109,2,1,2,4,3,5,6,0.0248,-0.1363,0.6153,1
507.414,2,1,2,2,4,5,6,1.398,0.4764,0.9645,1
623.561,2,1,2,4,3,6,6,0.7333,0.8116,1.005,1
466.84,2,1,1,5,4,4,4,1.5043,-0.259,0.0413,1
431.239,2,1,1,4,2,6,6,-0.983,-0.0951,1.0234,1
504.407,2,1,1,5,2,6,6,0.0048,2.4301,1.7031,1
481.011,2,1,1,3,4,4,5,0.3171,0.0511,0.2337,1
565.37,2,1,2,3,2,6,6,-1.1407,0.006,0.7089,1
636.169,2,1,2,5,3,6,6,0.2947,0.9703,1.1873,1
349.382,2,1,2,4,4,6,6,1.5611,0.7499,1.0856,1
540.197,2,1,2,1,3,6,6,0.7333,0.2717,0.8066,1
544.635,2,1,1,6,3,4,6,-0.3381,1.2584,0.7972,1
747.374,2,1,1,5,3,6,6,0.2947,2.4143,1.8006,1
623.209,2,1,2,5,4,6,6,0.6642,0.3783,0.9491,1
437.347,2,1,2,4,3,4,4,-0.3381,0.468,-0.828,1
544.029,2,1,1,4,4,6,6,0.6642,1.8362,1.4435,1
525.473,1,1,2,4,3,6,6,-0.5064,0.2098,-0.1667,1
571.437,1,1,1,5,1,5,6,-2.032,1.629,1.4294,1
522.679,1,1,2,3,4,5,5,1.5611,0.1745,0.2378,1
577.287,1,1,1,5,2,6,6,-1.251,1.2068,1.1916,1
432.612,1,1,2,4,3,4,6,-0.3381,0.346,1.0405,1
572.238,1,1,1,6,3,6,6,-0.3381,0.7474,1.1054,1
441.869,1,1,1.119484198,3,3,6,6,0.0248,1.9289,1.5189,1
547.346,1,1,2,4,4,6,6,1.5043,0.9537,1.2432,1
489.283,1,1,2,3,3,6,6,0.3791,1.4952,1.2149,1
475.379,1,1,2,2,3,4,4,-0.3381,-0.0988,-0.995,1
606.77,1,1,1,5,2,6,6,-0.654,1.8241,0.7572,1
502.7,1,1,2,2,3,4,4,-0.5753,-0.6155,-0.317,1
487.521,1,1,2,3,3,4,4,-0.4725,0.0144,-0.5815,1
500.688,1,1,1,4,4,6,6,1.398,1.472,1.2477,1
635.823,1,1,1,5,3,6,6,-0.3381,1.4692,1.3706,1
425.795,2,1,1,3,4,6,6,2.5915,0.4899,0.5975,1
567.232,1,1,2,6,2,6,6,-1.1267,1.6775,1.1372,1
503.075,1,1,1,2,4,5,5,0.7246,1.212,0.743,1
497.481,2,1,1,4,3,6,6,0.4638,2.1449,1.495,1
497.06,2,1,2,4,4,6,6,0.3171,0.751,0.9827,1
562.322,2,1,2,4,3,6,6,-0.2781,0.8141,1.1299,1
388.742,1,1,2,4,4,4,4,1.5611,0.9144,0.1832,1
334.806,1,1,2,4,3,5,5,-0.1144,0.2553,0.1021,1
428.738,2,1,1,4,4,5,6,1.0269,1.6463,1.4357,1
377.025,2,1,2,3,3,6,6,-0.3381,1.2124,1.3589,1
489.535,2,1,1,4,4,5,5,-0.2015,-0.3135,0.4097,1
492.182,2,1,1,6,4,4,6,0.1157,2.3223,1.2089,1
359.481,2,1,2,4,4,5,5,0.6642,1.3257,0.7228,1
443.105,2,1,2,3,4,6,6,0.6642,0.7204,1.1781,1
359.353,1,1,1,4,3,4,4,-0.3381,0.8518,-0.3564,1
414.477,1,1,1,6,3,6,6,-0.3381,2.0433,1.3337,1
393.945,1,1,1,4,3,6,6,0.3645,0.715,0.4116,1
499.437,1,1,1,5,3,6,6,-0.1515,0.8358,1.0552,1
370.727,1,1,1,3,4,6,6,0.6642,0.7902,1.0591,1
356.794,1,1,1,5,3,6,6,-0.3381,2.9683,1.8389,1
439.961,1,1,1,1,3,6,6,-0.4725,0.2704,0.8061,1
488.522,1,1,1,3,3,4,4,-0.4157,1.5351,0.5146,1
427.714,1,1,1,5,2,4,6,-0.8686,1.1742,1.0143,1
504.268,1,1,1,4,3,6,6,-1.0036,0.9342,1.112,1
432.211,2,1,1,6,4,6,6,0.0398,2.02,1.4491,1
424.657,1,1,1,6,3,4,6,-0.3381,2.1665,0.883,1
342.303,1,1,2,3,3,6,6,-0.3381,0.5012,0.8909,1
461.858,1,1,1,6,4,6,6,1.0594,1.5391,1.231,1
483.804,2,1,1,4,3,5,5,-0.3381,0.9154,0.758,1
426.432,1,1,1,4,4,6,6,0.6642,1.8542,1.4501,1
461.386,2,1,2,1,3,4,4,-0.6925,0.5465,-0.5099,1
555.509,2,1,2,2,4,6,6,0.6087,1.1513,1.1092,1
564.79,2,1,1,1,3,5,5,0.0575,-0.2115,0.3025,1
502.69,2,1,1,4,2,6,6,-0.6292,0.4006,0.73,1
444.737,2,1,2,4,4,6,6,0.045,0.4307,0.8237,1
519.456,2,1,2,2,3,4,4,0.1674,0.5715,0.4705,1
510.973,2,1,1,3,3,6,6,-0.3381,0.2114,0.3711,1
508.393,2,1,1,1,3,6,6,-0.3381,-0.7582,0.8,1
378.806,2,1,2,0.690343208,3,5.721302558,6,-0.3381,-0.3789,0.5262,1
247.555,2,2,2,3,2,4,4,-0.983,-1.0174,-0.3614,1
388.311,2,1,1,3,2,4,4,-1.2158,0.8129,0.3112,1
275.554,2,1,2,2,4,4,6,0.3171,0.9276,1.027,1
572.615,1,1,1,6,3,6,6,-0.5753,2.602,1.8903,1
512.324,2,1,1,3,4,6,6,0.6642,0.2247,1.1199,1
576.733,2,1,2,2,3,4,6,0.1052,0.1812,0.8973,1
545.421,1,1,2,3,3,4,6,-0.9306,0.091,0.3476,1
475.189,2,1,1,5,4,4,6,1.398,2.3771,1.353,1
406.503,2,1,1,3,4,6,6,2.5915,0.6667,1.2824,1
512.725,2,1,2,3,3,5,6,-0.3381,0.0735,0.4858,1
494.367,2,1,2,3,2,6,6,-0.7281,0.0719,0.4852,1
588.762,1,1,1,5,3,6,6,-0.3381,1.5792,1.659,1
442.829,1,1,1,1,4,6,6,1.5043,1.591,1.3947,1
465.779,1,1,1,3,3,6,6,-0.3381,0.4567,1.0399,1
511.737,2,1,2,1,4,4,6,2.5915,-0.1258,0.1026,1
698.706,2,1,2,4,4,6,6,0.6642,0.5224,1.25,1
570.42,1,1,1,4,4,6,6,0.6642,1.0911,1.4383,1
314.141,2,1,1,4,4,4,6,2.5915,1.7684,1.6872,1
390.726,1,1,1,1,3,5,5,-0.3627,0.1461,0.4753,1
543.998,1,1,1,3,3,4,6,-0.3381,0.869,1.0261,1
494.948,1,1,1,5,1,6,6,-0.8995,0.706,1.1315,1
436.592,1,1,1,4,3,6,6,-0.66,0.6969,1.2935,1
523.18,2,1,1,2,4,6,6,0.4906,-0.1207,0.4971,1
601.025,2,1,1,3,3,6,6,0.2947,-0.2695,0.9383,1
517.75,2,1,1,5,4,6,6,0.2091,0.8647,1.2518,1
466.831,2,1,1,3,3,6,6,-0.3381,1.8712,1.477,1
492.08,1,1,1,5,4,6,6,0.412,2.4143,1.7593,1
457.062,1,1,1,2,3,6,6,0.2067,0.9957,1.2793,1
428.222,1,1,2,2,4,4,4,0.6642,0.7256,0.7337,1
463.281,1,1,1,1,3,6,6,-0.3381,1.6008,1.295,1
418.192,2,1,2,2,4,6,6,2.5915,0.5787,0.7334,1
510.693,2,1,1,2,4,6,6,-0.378,0.1043,0.9104,1
475.42,2,1,1,5,3,6,6,-0.3381,2.0869,1.2464,1
270.3,2,1.344012851,2.046123862,4,2,6,6,-0.6981,0.316,0.8848,1
470.814,1,1,1,2,3,6,6,-0.4838,1.4244,1.4162,1
451.531,2,1.145796808,2,3,4,4.488420496,3.891416134,1.5611,0.3775,-0.596,1
536.435,2,1,1,2,3,6,6,-0.8307,0.3971,0.894,1
512.292,1,1,2,3,4,6,6,-0.0621,-0.0934,0.5484,1
494.647,2,1,2,3,4,6,6,1.5043,0.6045,1.1149,1
479.353,1,1,1,3,3,6,6,0.0248,1.2423,1.2873,1
413.36,2,2,2,1,4,6,6,1.5043,-0.5329,0.7382,1
431.436,1,1,1,3,4,6,6,0.3171,1.0354,1.2112,1
319.818,2,1,2,3,2,4,4,-0.0744,0.8742,0.5817,1
368.487,2,1,1,1,2,5,5,-0.5608,0.324,1.3053,1
483.18,1,1,1,4,3,6,6,-0.4725,0.8709,1.2334,1
543.15,2,1,1,3,2,6,6,-0.8828,0.8434,-0.0578,1
616.847,2,1,1,5,3,4,6,-0.3381,1.6721,1.6518,1
519.272,1,1,1,5,4,6,6,0.6642,1.6815,1.0974,1
550.584,1,1,1,4,3,6,6,0.2418,0.9222,1.3763,1
507.547,1,1,1,6,2,6,6,-0.8616,1.7043,1.5604,1
381.788,1,1,2,3,7,6,6,3.603936999,1.4937,1.359,1
579.002,1,1,1,5,3,6,6,-0.4953,2.6689,1.8529,1
437.887,1,1,2,3,3,6,6,-0.3381,-0.0639,0.9105,1
392.344,1,1,1,2,2,5,5,-0.6981,1.0299,0.5108,1
547.864,1,1,1,6,4,6,6,2.5915,3.6527,2.0491,1
437.669,1,1,1,6,2,6,6,-1.044,3.4024,2.0604,1
537.457,1,1,1,5,3,6,6,0.42,1.3817,1.3798,1
523.665,1,1,1,6,3,6,6,-0.3381,2.051,1.1918,1
378.028,1,1,1,4,3,6,6,-0.3381,1.7674,1.3769,1
568.735,1,1,2,5,4,6,6,0.329,2.1953,1.7408,1
405.246,1,1,1,5,4,6,6,1.398,1.1001,1.049,1
434.906,1,1,1,4,1,6,6,-1.407,0.6622,0.2888,1
573.038,1,1,1,4,3,6,6,-0.082,0.4146,0.9004,1
429.338,1,1,1,3,4,4,4,0.1885,0.5756,-0.3546,1
445.043,1,1,2,1,3,5,6,-0.4725,0.5447,0.9482,1
513.746,1,1,1,5,3,5,5,-0.5021,2.2663,1.2545,1
525.143,1,1,1,5,3,6,6,-0.3381,2.6212,1.546,1
396.168,1,1,1,4,4,6,6,0.4451,2.4707,1.4907,1
426.637,2,1,1,3,3,6,6,-0.3381,1.7938,1.18,1
629.254,2,1,2,4,3,6,6,-0.1144,1.3921,1.1977,1
523.428,2,1,1,3,2,6,6,-1.072,1.6071,1.008,1
437.398,2,1,2,3,7,6,6,3.135717054,1.9647,1.6561,1
457.949,2,1,2,2,4,6,6,0.9646,0.7205,0.2276,1
489.808,2,1,1,1,4,6,6,-0.0644,1.5479,1.2549,1
497.633,2,1,1,4,7,6,6,3.325330146,3.0439,2.0527,1
420.179,2,1,1,2,3,6,6,-0.3381,0.7132,1.0721,1
420.963,2,1,2,2,2,6,6,-1.1407,0.7999,0.7114,1
425.905,2,1,2,1,3,6,6,-0.3381,0.379,0.1228,1
462.513,2,1,2,3,2,6,6,-1.0137,0.7969,1.2269,1
574.694,2,1,1,6,2,6,6,-0.9585,1.0957,1.3367,1
387.094,2,1,1,4,7,6,6,2.978981971,0.7211,0.9511,1
387.141,2,1,2,3,3,6,6,-0.7346,0.9114,1.145,1
425.482,2,1,2,1,3,6,6,-0.3381,0.7919,0.4689,1
543.873,2,1,2,4,4,4,6,2.5915,0.3905,1.0775,1
564.082,2,1,2,3,3,6,6,-0.4838,-0.206,0.755,1
485.115,2,1,1,5,3,6,6,-0.6334,1.8545,1.7189,1
528.72,2,1,1,3,3,6,6,0.2947,0.8903,1.0339,1
455.869,2,1,2,1,3,0,2,-0.4725,-0.7549,-1.7019,1
683.922,2,1,2,3,3,5,5,-0.3381,0.0687,0.5708,1
353.662,2,1,1,3,4,6,6,-0.378,1.462,1.2233,1
458.306,2,1,2,1,3,4,4,-0.6837,-0.992,-1.3439,1
603.871,2,1,2,3,3,5,5,-0.3381,-0.1728,0.0895,1
433.091,2,1,2,2,1,2,5,-1.9325,0.2833,-0.3008,1
493.174,2,1,2,1,3,5,5,-0.3381,-0.5904,-0.6219,1
517.872,2,1,2,2,4,4,6,2.5915,0.9767,1.0243,1
454.401,2,1,2,5,3,4,4,-0.3381,0.7234,-0.2589,1
474.912,2,1,2,3,3,6,6,0.2947,0.1425,0.8831,1
507.916,2,1,1,3,4,6,6,1.5611,1.2304,1.2002,1
611.26,2,1,1,6,3,4,4,-0.3381,1.3164,0.1275,1
560.43,2,1,2,2,4,2,2,2.5915,0.1631,-1.4091,1
599.475,2,1,1,4,4,6,6,1.398,0.7698,1.0929,1
588.068,2,1,2,5,4,6,6,1.0269,0.9448,1.2812,1
506.051,2,1,2,3,3,6,6,-0.3381,0.4795,1.0069,1
429.451,1,1,2,2,4,4,4,1.5611,-1.1059,-0.4973,1
638.687,1,1,2,1.04627787,3,6,6,-0.1985,-0.0335,0.6531,1
516.468,1,1,1,4,4,4,4,0.7831,0.0885,-0.9675,1
387.159,1,1,2,3,4,2,2,2.5915,0.1356,-1.068,1
686.64,1,1,2,4,3,4,6,-0.7817,1.0634,0.8082,1
560.484,1,1,1,3,2,0,2,-0.7768,0.6816,-1.1359,1
460.593,1,1,1,3,3,4,4,-0.3381,-0.3812,-0.2723,1
523.076,1,1,2,3,3,5,5,-1.0036,-0.5154,-0.4987,1
659.515,1,1,2,5,2,4,4,-0.6178,0.1952,-0.7423,1
602.034,1,1,1,6,4,4,5,0.9357,2.3534,1.5758,1
591.59,1,1,1,2,4,5,5,1.0269,-0.2819,0.194,1
461.654,1,1,2,3,3,6,6,-0.3381,0.223,1.016,1
419.598,1,1,2,3,2,4,4,-0.9585,0.0972,0.0482,1
638.539,1,1,2,2,3,6,6,0.5643,-0.508,0.3134,1
568.956,1,1,2,1,4,4,4,0.5423,-0.7602,-0.3702,1
416.375,1,1,2,6,3,6,6,-0.8913,0.6426,1.1702,1
453.399,1,1,1,3,2,1,1,-0.7244,0.1107,-1.7941,1
506.89,1,1,1,4,2,6,6,-1.3839,-0.0212,0.4096,1
428.343,1,1,1,2,1,1,1,-2.032,-0.1582,-1.6656,1
370.102,2,1,1,1,2,2,2,-0.5917,1.2104,0.0709,1
419.125,1,1,1,3,3,6,6,-0.3381,1.3246,1.2348,1
530.819,1,1,1,3,3,6,6,-0.5064,0.9627,1.1845,1
435.731,2,1,1,6,2,4,4,-0.983,1.5331,-0.4035,1
410.407,1,1,2,3,3,4,4,0.0248,-0.3168,-0.4346,1
401.747,2,1,1,3,4,6,6,2.5915,1.3519,1.1002,1
494.859,1,1,1,4,3,6,6,-0.5152,2.2426,1.5309,1
457.978,2,1,2,3,2,6,6,-0.883,0.6475,1.0687,1
530.982,2,1,1,2,4,6,6,2.5915,-0.1352,0.0991,1
388.007,1,1,1,3,3,6,6,0.0248,1.0641,1.0771,1
435.986,1,1,1,6,2,6,6,-1.5251,0.7213,0.9718,1
453.211,1,1,1,5,3,6,6,0.2947,0.8716,0.5518,1
524.92,2,1,2,5,2,6,6,-0.5917,1.0002,0.7437,1
455.763,1,1,1,4,3,6,6,-0.3381,2.2425,1.7168,1
395.694,1,1,1,1,2,2,6,-1.0597,0.7234,0.9797,1
561.243,2,1,1,6,3,4,4,-0.4494,2.3015,0.8583,1
597.966,1,1,1,6,3,6,6,0.1802,1.6506,1.024,1
524.376,1,1,1,5,3,4,6,-0.3381,0.9559,1.1613,1
464.091,1,1,1,2,3,6,6,-0.1985,1.6415,1.3513,1
381.179,1,2,2,1,4,6,6,1.5611,-4.8535,-2.5173,1
481.212,1,1,2,4,1,6,6,-0.9921,-0.1252,0.764,1
603.439,1,1,1,5,3,6,6,-0.3381,2.6919,2.0679,1
453.018,1,1,1,3,3,5,6,-0.3381,0.2277,0.6871,1
373.752,1,1,1,4,4,6,6,0.4574,1.2745,1.4024,1
405.805,1,1,2,4,1,4,6,-0.9873,1.7847,1.0733,1
453.333,1,1,1.464966395,3,1,6,6,-1.4215,0.5193,0.3471,1
652.666,1,1,1,5,3,6,6,-0.66,0.8371,1.1177,1
333.373,1,1,1,3,3,3.855545785,3.944250385,0.3645,-0.0016,-0.279546974,1
510.206,2,1,2,5,3,6,6,-0.3381,1.1155,1.4473,1
602.446,2,1,1,5,4,6,6,0.7279,2.9294,1.7213,1
566.556,2,1,2,6,3,6,6,-0.3381,0.4151,-0.2359,1
556.184,2,1,1,4,4,5,6,0.7701,1.6635,0.7395,1
497.181,2,1,2,5,4,4,6,2.5915,1.437,1.4621,1
503.923,2,1,2,3,3,6,6,-0.4838,0.3191,0.9273,1
564.348,2,1,1,4,4,6,6,0.7701,0.9292,1.1515,1
452.975,2,1,1,3,4,6,6,1.5611,2.0573,1.2768,1
560.662,2,1,1,4,4,6,6,2.5915,1.1637,1.3617,1
463.633,2,1,1,6,3,6,6,-0.082,0.1251,1.0213,1
513.042,2,1,2,1,3,5,5,-0.8021,-1.2412,-0.0346,1
503.559,2,1,2,2,3,6,6,0.2947,0.4379,0.599,1
535.965,2,1,2,3,3,6,6,0.4801,1.2674,1.2551,1
507.508,1,1,1,4,3,4,4,-0.3381,0.9769,-0.0418,1
424.577,1,1,1,5,3,6,6,-0.8021,0.4018,0.4411,1
416.918,1,1.340529179,2.12714353,1.871399178,4.655143282,3.978614255,5.594086327,0.79572755,0.329048913,0.502856818,1
502.058,1,1,2,3,3,6,6,-0.3381,-0.0409,0.6504,1
457.046,1,1,1,3,4,6,6,2.5915,1.7829,1.5272,1
588.651,1,1,2,4,2,4,6,-0.4698,0.9986,1.3837,1
514.44,1,2,2,1,3,6,6,-0.3381,-0.1295,0.6385,1
539.116,2,1,2,3,4,2.650171218,2,1.0269,-0.2146,-1.1553,1
559.831,1,1,2,2,2,4,4,0.0048,-0.8568,-1.0876,1
515.662,1,1,2,3,3,6,6,0.0248,-0.788,0.3758,1
524.882,1,1,2,3,3,4,4,-0.082,0.9259,0.0841,1
513.679,1,1,1,3,1,6,6,-0.1314,0.357,0.8379,1
468.739,2,1,2,3,3,6,6,-0.5064,-0.2265,0.3549,1
612.282,1,1,1,3,3,6,6,0.3645,-0.6372,0.4726,1
527.816,2,1,2,2,2,4,4,-0.8144,-0.8555,-0.4259,1
381.14,2,1,1,4,3,6,6,-0.8307,1.7276,1.5689,1
506.065,2,1,1,2.952181619,4,4,4,0.6642,0.5513,0.0498,1
444.214,2,1.072195741,0.990229655,2.52209594,4,6,6,0.9357,0.347,0.6483,1
516.471,2,1,2,6,3,5,6,0.1313,-0.344,0.7043,1
469.017,2,1,2,1,4,6,6,1.398,0.4754,-0.3171,1
386.812,2,1,2,2,2,5,5,-0.983,-0.3855,-0.3104,1
448.849,2,1,2,3,4,4,4,0.6642,-0.2745,-0.3725,1
401.239,2,1,2.095593404,2,4,5,5,1.5043,-0.1046,0.0939,1
489.078,2,1,1,3.801579398,3,4,4,-0.2687,1.5712,0.7139,1
620.021,2,1,1,6,4,6,6,2.5915,1.9344,1.3143,1
415.099,2,1,1,4,3,6,6,-0.3381,-0.0184,-0.2506,1
399.489,2,1,1,4,4,6,6,1.5611,0.9672,0.9382,1
497.9,2,1,2,4,4,4,4,0.6642,1.578,0.4891,1
502.879,2,1,1,3,2,4,4,-1.0536,1.4883,0.7867,1
456.207,2,1,1,4,4,6,6,-0.7523,2.9929,1.4347,1
425.228,1,1,1,4,2,6,6,-0.8956,1.3145,1.0658,1
554.628,1,1,1,5,3,6,6,-0.1862,4.187,2.5347,1
486.582,1,1,1,5,3,6,6,-0.3381,0.7898,1.2243,1
511.27,1,1,2,3,4,6,6,2.5915,-0.7781,0.5034,1
592.632,1,1,1,4,3,6,6,-0.7104,0.2265,0.9139,1
550.252,1,1,1,1,3,6,6,-0.3381,0.9339,1.1739,1
369.297,1,1,1,2,3,6,6,0.5643,0.1044,0.8484,1
440.202,1,1,2,3,3,6,6,-0.3011,0.5576,1.1183,1
527.067,1,1,1,5,3,6,6,-0.4725,1.4975,1.4637,1
591.768,1,1,1,5,3,6,6,-0.5753,0.7273,1.098,1
519.543,1,1,1,4,3,6,6,-0.3381,1.3852,1.4224,1
532.753,1,1,1,6,4,6,6,2.5915,5.2563,2.969,1
584.986,1,1,1,3,1,6,6,-1.4215,0.8863,0.4952,1
603.999,1,1,2,3,3,6,6,0.1674,-0.2104,0.5054,1
491.214,1,1,2,3,4,6,6,-0.0621,0.422,0.8618,1
514.234,1,1,2,1,3,4,4,-0.3381,0.2109,-0.7159,1
378.57,1,1,2,3,2,6,6,-0.7244,0.4545,1.1011,1
565.49,1,1,1,6,3,6,6,-0.0221,2.8688,1.9883,1
525.454,1,1,2,2,4,6,6,2.5915,0.8217,1.236,1
580.519,1,1,1,5,1,6,6,-1.0979,1.361,1.3309,1
625.298,2,1,1,5,4,6,6,1.5043,-0.0062,0.9317,1
467.846,1,1,1,5,4,6,6,1.0269,1.4823,1.2515,1
617.936,2,1,2,4,3,6,6,0.0248,0.9412,1.2593,1
501.459,2,1,2,1,9,6,6,5.032750553,-0.47,0.534,1
487.049,2,1,1,6,3,6,6,-0.3381,2.7455,1.819,1
551.104,2,1,2,5,4,6,6,0.2774,1.4445,1.4442,1
466.586,2,1,2,2,4,6,6,0.6642,0.5396,0.5124,1
443.571,2,1,1,4,3,6,6,-0.3381,2.2087,1.3944,1
441.045,2,1,1,5,7,6,6,2.905855316,-1.0061,0.2957,1
561.368,2,1,2,5,3,6,6,-0.5753,2.0495,1.5012,1
388.813,2,1,2,3,3,4,4,0.514,-0.6583,-0.7667,1
587.591,2,1,2,6,3,6,6,-0.3381,0.5658,1.2866,1
373.811,2,2,2,1,1,5,5,-1.1955,-1.1235,-1.1019,1
597.063,2,1,2,5,2,4,4,-0.8828,1.3972,-0.1766,1
584.516,2,1,1,5,3,6,6,0.4801,2.298,1.8819,1
578.949,2,1,1,5,3,4,6,-0.1144,1.8473,1.3856,1
569.37,2,1,1,4,3,6,6,-0.888,0.4982,1.0138,1
475.862,1,1,1,5,4,5,6,2.5915,1.188,1.3706,1
460.774,1,1,1.263755171,2,4,6,6,0.6642,1.8351,1.3398,1
537.281,1,1,1,3,3,6,6,-0.1613,0.0081,0.7097,1
565.261,1,1,1,6,3,6,6,-0.3612,0.3637,0.8046,1
511.198,1,1,1,6,4,6,6,2.5915,1.6285,1.0159,1
618.649,1,1,1,4,3,6,6,-1.00E-04,0.8908,1.0341,0
278.464,2,1,2,4,9,6,6,4.450626353,1.5505,1.5322,0
611.603,2,1,2,4,3,4,4,-0.1144,0.351,-0.0238,0
528.527,2,1,1,1,2,4,4,-1.5827,1.7818,0.8119,0
573.082,1,1,1,4,4,6,6,2.5915,0.6252,0.7505,0
550.875,1,1,2,3,3,6,6,-0.3381,1.5859,0.9614,0
369.471,2,1,1,4,3,6,6,-0.3489,1.2655,0.8825,0
541.982,2,1,2,4,4,4,4,0.2669,-0.1358,-0.1821,0
466.578,2,1,1,5,3,6,6,-0.3381,1.8164,1.4776,0
531.065,1,1,2,3,1,4,4,-1.3612,0.4986,0.1957,0
470.037,1,1,2,1,3,6,6,-0.6334,-0.4421,0.255,0
469.27,1,1,2,2,2,6,6,-0.6981,-0.4856,-0.5256,0
413.667,2,1,2,3,3,6,6,-0.3381,0.7945,1.1227,0
547.075,2,1,2,4,2,6,6,-1.1982,0.7322,1.0791,0
513.463,1,1,1,4,3,6,6,1.0676,1.821,1.6032,0
463.006,1,1,1,4,3,6,6,-0.3381,-0.3214,-0.5686,0
577.401,1,1,2,3,4,6,6,0.106,-0.4794,0.6339,0
578.093,2,1,2,4,1,6,6,-1.8018,1.0064,1.1592,0
400.058,1,1,1,2,4,6,6,2.5915,0.2925,0.8142,0
455.075,2,1,2,1,3,4,4,0.0248,0.1875,0.0814,0
400.367,2,1,1,3,3,5,5,0.2067,1.0637,0.2752,0
539.907,2,1,1,3,3,4,4,-0.3381,1.2844,-0.2181,0
599.123,1,1,1,5,3,6,6,-0.3701,0.569,1.0398,0
603.159,2,1,2,4,4,6,6,2.5915,0.4687,1.2096,0
528.016,1,1,1,5,2,6,6,-0.978,2.5656,1.4843,0
571.539,1,1,1,5,4,6,6,2.5915,4.187,2.3488,0
599.896,1,1,2,3,3,4,4,0.0248,0.5374,0.4579,0
421.847,2,1,1,3,4,6,6,2.5915,1.8702,1.4767,0
527.877,1,1,1,4,4,6,6,2.5915,3.1813,2.2065,0
638.669,2,1,2,3,3,4,6,-0.082,1.6285,1.4912,0
453.652,1,1,2,2,3,4,6,-0.1515,-0.1188,1.2733,0
599.279,1,1,2,5,4,6,6,2.5915,1.4965,0.7814,0
591.429,1,1,2,4,1,6,6,-3.1297,1.3909,1.5485,0
475.041,1,1,2,3,3,5,6,-0.5064,0.0481,0.6831,0
609.878,2,1,2,3,2,6,6,-0.6729,0.2038,0.9469,0
476.349,1,1,2,3,3,6,6,-0.3381,0.0775,0.6112,0
450.579,1,1,2,4,4,6,6,1.5611,0.4501,1.1821,0
619.111,1,1,2,3,3,6,6,-1.0036,1.403,1.4496,0
536.023,2,1,1,6,3,4,4,-0.5753,1.9483,0.6458,0
546.293,1,1,2,4,4,4,6,-0.2015,0.8067,1.2305,0
394.283,1,1,1,3,2,4,4,-0.8427,1.1213,-0.3193,0
525.298,2,1,1,3,1,6,6,0.02,0.421,0.8201,0
568.209,2,1,2,3,4,6,6,0.6642,0.6912,0.9194,0
518.804,1,1,2,3,1,6,6,-1.8419,0.4879,0.9274,0
766.785,2,1,1,4,3,6,6,0.0248,0.4897,0.6594,0
554.604,1,1,1,6,4,6,6,0.9357,2.4203,1.2862,0
620.943,2,1,2,4,2,6,6,-1.0137,1.3457,1.0153,0
466.498,1,1,2,2,4,6,6,0.75,1.3999,0.9939,0
436.383,1,1,2,3,3,5,6,-0.5064,-0.5042,0.0462,0
548.617,1,1,1,4,4,6,6,2.5915,3.6473,2.0264,0
418.447,1,1,1,4,3,6,6,0.0248,1.2548,1.1679,0
521.087,2,1,1,4,4,6,6,0.4597,-0.1139,0.8302,0
535.86,1,1,1,3,2,5,5,-1.0362,0.3905,-0.3028,0
674.587,2,1,2,4,4,6,6,0.4906,1.0088,1.0775,0
537.564,1,1,2,5,3,6,6,-0.3381,0.8807,0.7824,0
535.592,2,1,2,3,3,6,6,-0.0221,1.0154,1.2865,0
433.804,1,1,2,4,3,4,4,0.2947,0.0436,-0.9427,0
603.849,1,1,2,2,4,5,6,0.6642,0.7731,1.3421,0
588.846,1,1,1,4,4,4,4,0.0073,1.3754,0.3113,0
488.704,1,1,2,4,4,6,6,2.5915,1.2254,0.8471,0
487.315,1,1,2,3,3,6,6,0.514,1.6876,1.0376,0
638.98,2,1,2,4,3,6,6,-0.3381,0.9362,1.1748,0
579.387,2,1,2,3,3,6,6,0.5643,1.6265,1.4078,0
465.47,1,1,2,4,4,6,6,1.5043,0.5056,0.8512,0
477.113,2,2,2,1,1,4,4,-1.1908,-6.3912,-3.6224,0
345.342,2,1,2,1,4,4,4,2.5915,-0.7572,-1.051,0
612.353,1,1,2,6,3,6,6,-0.4725,2.2313,1.754,0
542.26,2,1,2,5,3,6,6,-0.3381,0.1716,0.8524,0
515.579,2,1,2,4,3,6,6,-0.3381,1.241,1.2661,0
605.434,2,1,1,5,2,6,6,-0.9414,2.0894,1.206,0
435.497,2,1,1,5,4,6,6,2.5915,1.4384,1.3387,0
429.057,1,1,2,1,4,4,5,-0.0621,-0.0852,0.0803,0
510.742,2,1,1,4,1,5,5,-1.1369,1.3965,-0.0364,0
482.314,1,1,2,5,2,5,5,-1.0536,-0.4477,0.0298,0
420.921,1,1,2,3,4,4,5,2.5915,0.1824,0.2613,0
571.842,2,1,1.427222856,3,4,4,4,1.398,0.9488,0.3405,0
640.569,1,1,2,2,3,6,6,-0.5753,0.3177,0.7202,0
602.348,2,1,1,4,3,6,6,-0.1515,0.5167,0.7726,0
415.188,2,1,1,4,4,6,6,-0.0621,0.735,0.7289,0
522.779,1,1,1.056109721,4,4,6,6,0.6642,2.1241,1.5907,0
553.836,1,1,1,5,3,5,5,-0.0099,-0.566,0.0896,0
575.455,2,1,2,3,4,6,6,0.106,1.1731,1.2205,0
440.232,1,1,2,1,3,4,4,0.2067,-0.3067,-0.7615,0
522.506,2,1,2,3,4,6,6,2.5915,0.7719,1.1764,0
378.559,1,1,1,2,3,5,5,-0.5753,0.4516,0.4636,0
571.381,2,1,1,4,4,4,4,0.1985,1.9265,0.2865,0
550.987,1,1,2,3,4,6,6,0.9646,0.5017,1.0771,0
494.483,2,1,2,1,3,6,6,-0.3381,-0.0591,0.6437,0
525.578,2,1,2,2,4,6,6,0.9646,0.0796,0.4467,0
538.882,2,1,1,3,3,6,6,0.514,1.3793,1.3169,0
514.838,2,1,1.487137846,1,4,6,6,2.5915,0.9742,0.8788,0
373.945,1,1,2,2,2,4,4,-0.5917,-1.5468,-1.4238,0
564.484,1,1,1,4,4,6,6,0.4906,0.9891,1.4008,0
438.238,2,1,1,3,4,4,4,-0.378,2.6171,0.5403,0
430.984,2,1,1,2,3,4,6,-0.3381,0.5221,0.4647,0
500.362,2,1,2,3,2,6,6,-0.5917,0.3163,0.637,0
420.798,1,1,2,3,4,4,5,1.398,0.8037,0.531,0
340.397,2,1,1,5,3,6,6,-0.4725,0.9845,0.7792,0
347.229,1,1,1,2,2,2,5,-0.8883,-0.646,-0.3324,0
597.342,1,1,1,5,3,6,6,0.1802,1.0836,1.2703,0
484.195,1,1,2,4,4,6,6,0.3171,-1.1965,0.2257,0
403.448,2,1,2,1,9,5,5,5.432400397,-1.1185,-0.94,0
475.239,2,1,2,1,3,4,5,0.2947,-0.1866,-0.4735,0
662.36,2,1,2,3,1,4,4,-0.6335,0.0258,-0.6599,0
395.211,1,1,1,3,2,6,6,-1.0536,0.4951,0.8201,0
559.646,2,1,2,3,4,5,5,2.5915,0.7104,0.7653,0
525.768,1,1,2,3,4,6,6,1.5043,0.0472,-0.1025,0
680.183,2,1,1,5,3,6,6,-0.8444,-0.1032,0.4415,0
407.591,1,1,1,1,3,2,4,-0.8307,0.6548,-0.1206,0
578.862,1,1,1,3,3,6,6,0.1313,0.8271,1.176,0
607.648,1,1,1,5,3,6,6,-0.3381,1.9581,1.199,0
427.798,1,1,1,4,4,6,6,2.5915,1.8161,1.4775,0
310.443,2,1,2,2,3,4,4,-0.4838,0.6106,0.4435,0
571.511,1,1,1,3,3,6,6,0.1674,2.6203,1.7523,0
605.563,1,1,2,3,4,6,6,0.5073,1.0295,1.1057,0
519.269,2,1,2,3,3,6,6,-0.3381,0.3924,0.9749,0
620.22,2,1,2,4,4,6,6,-0.3182,0.7698,0.9483,0
542.487,1,1,2,5,3,4,4,0.0248,1.3234,-0.369,0
580.669,2,1,1,4,3,6,6,-0.3381,1.5205,1.5961,0
532.904,2,1,2,3,4,6,6,2.5915,0.7489,0.796,0
568.058,2,1,2,5,3,6,6,-0.5152,1.07,1.3066,0
494.571,1,1,1,4,3,6,6,-0.3381,0.3603,0.7978,0
550.91,1,1,2,3,2,4,6,-0.7244,0.3098,0.7999,0
538.487,2,1,2,5,3,6,6,-0.5064,-0.9034,0.3334,0
578.384,2,1,1,6,4,6,6,0.6642,2.2454,1.6352,0
626.427,2,1,2,4,3,4,4,-0.4725,0.8662,0.2275,0
469.914,2,1,1,4,3,2,5,0.1802,0.9455,0.9344,0
532.394,1,1,1,4,3,5,6,-0.3381,0.4943,0.9917,0
596.716,2,1,1,5,4,6,6,1.5043,1.0995,1.3381,0
428.21,2,1,2,3,2,5,5,-0.5917,-0.4077,-0.2035,0
496.093,2,1,2,4,4,5,6,-0.0251,1.2902,1.1602,0
547.419,1,1,1,5,3,6,6,-0.5064,-0.0707,-0.0425,0
524.027,2,1,1,3,3,4,4,-0.3381,-0.172,-0.8153,0
438.771,2,1,2,4,4,6,6,1.0269,0.4615,0.8763,0
521.303,1,1,2,5,4,4,4,2.5915,0.0976,-0.117,0
612.776,1,1,1,3,4,6,6,1.0269,-0.3446,-0.3704,0
581.498,2,1,1,5,3,4,6,-0.3381,2.765,1.8468,0
592.788,2,1,2,4,2,6,6,-0.6981,1.2108,1.2343,0
472.637,2,1,1,4,3,6,6,-0.376,0.9303,1.2759,0
633.843,1,1,1,2,2,4,4,-0.7846,0.2088,0.3165,0
473.404,2,1,2,3,4,5,5,0.3549,0.2481,-0.1485,0
532.056,1,1,1,5,3,6,6,-0.1985,2.2226,1.6062,0
488.547,1,1,1,3,2,5,5,-1.1982,0.2659,0.478,0
410.783,2,1,1,2,3,6,6,0.1802,0.8136,0.5511,0
455.367,1,1,2,2,3,4,4,-0.8021,-0.1785,-0.3217,0
511.209,1,1,2,3,4,5,5,2.5915,1.3499,1.0417,0
588.313,1,1,1,4,3,5,5,-1.0795,0.6173,0.2352,0
472.478,2,1,1,3,4,4,6,0.6642,0.6485,1.0484,0
632.483,2,1,1,6,3,6,6,-0.3381,1.024,1.3103,0
579.869,1,1,1,4,3,6,6,-0.3381,2.3146,1.6607,0
664.994,2,1,1,3,2,4,4,-0.5917,1.3708,0.2683,0
465.063,1,1,2,2,2,6,6,-1.0137,-0.2394,0.5774,0
440.071,1,1,1,4,3,5,6,-0.3381,1.0216,1.2061,0
548.175,2,1,1,4,3,6,6,-0.4725,2.1114,1.4207,0
555.637,2,1,1,3,4,6,6,1.4481,1.4507,0.9506,0
461.565,1,1,2,3,4,6,6,0.6642,1.1012,0.0162,0
632.15,1,1,2,4,3,6,6,-0.5753,-0.4876,0.4862,0
559.212,1,1,1,3,3,6,6,-0.3381,0.6557,1.1543,0
428.865,2,1,2,2,3,6,6,-0.4838,-0.5544,0.317,0
332.904,1,1,2,3,3,1.508957842,1,0.0371,-0.5353,-1.5318,0
584.222,1,1,2,5,4,2,6,0.5423,0.7512,1.0861,0
555.514,2,1,1,5,3,6,6,-0.3381,0.8608,1.0231,0
574.125,2,1,1,4,4,6,6,0.9357,1.9456,1.3804,0
438.336,1,1,1,5,3,6,6,-0.3381,1.4436,1.5679,0
467.376,2,1,2,6,4,6,6,-0.0621,0.6816,0.5646,0
430.946,1,1,1,3,4,5,5,0.9646,0.3251,-0.4921,0
541.562,2,1,2,1,3,6,6,-0.1862,-0.7949,0.4146,0
514.568,1,1,1,4,3,6,6,0.2067,1.8535,1.5945,0
501.134,2,1,2,4,3,6,6,-0.0774,0.2355,0.256,0
591.776,2,1,1,6,2,4,4,-0.9089,0.2424,-0.539,0
505.14,1,1,2,3,3,5,6,-0.4838,-0.026,0.4079,0
628.001,2,1,1,4,4,6,6,-0.0621,1.045,1.1321,0
497.046,1,1,1,3,4,5,5,1.0269,0.9849,0.3496,0
597.431,2,1,1,5,4,6,6,2.5915,3.5203,2.1244,0
501.13,2,1,2,3,4,5,5,0.3171,-0.2921,-0.5743,0
543.719,1,1,1,4,1,6,6,-2.032,0.7098,1.1949,0
665.805,2,1,2,6,2,6,6,-1.2146,0.3938,1.1201,0
550.077,2,1,1,3,3,4,6,0.1052,0.877,1.1943,0
530.463,1,1,2,4,3,6,6,-0.3381,1.2221,1.3418,0
433.611,2,1,2,1,4,6,6,1.0269,1.5663,1.1584,0
402.111,2,1,2,1,3,5,5,-0.3381,-1.3507,-0.2608,0
489.253,2,1,2,1,2,4,4,-0.983,0.2659,-0.6544,0
615.313,1,1,2,3,4,5,5,0.9357,1.211,0.536,0
473.423,2,1,2,3,2,6,6,-1.2283,0.4084,0.1956,0
438.225,1,1,2,5,2,4,4,-0.983,0.3284,-0.3008,0
521.085,2,1,2,4,4,4,5,1.0269,-0.6344,-0.2868,0
453.564,1,1,2,4,4,5,5,2.5915,0.5817,-0.1912,0
500.34,2,1,2,1,3,6,6,-0.7346,0.3182,0.7203,0
585.382,2,1,1,2,4,6,6,0.4597,0.8232,1.1332,0
565.272,1,1,2,3,2,6,6,-0.2511,1.0062,1.2625,0
575.192,1,1,1,3,4,6,6,2.5915,0.1453,0.7601,0
486.931,2,1,2,3,2,6,6,-0.5304,0.2702,0.0415,0
381.061,2,1,2,1,4,6,6,2.5915,-0.0236,0.588,0
471.021,1,1,1,3,2,6,6,-1.4044,0.9825,1.0265,0
606.307,1,1,1,4,4,6,6,1.1245,0.9826,1.1298,0
508.72,2,1,2,2,4,4,4,0.6642,-0.0294,-0.1843,0
523.656,1,1,2,3,3,4,6,-0.3381,0.5862,1.1288,0
553.162,2,1,2,3,3,4,4,-0.3381,-0.6749,-1.0621,0
580.073,1,1,2,2,3,4,4,-0.3725,-0.5197,-0.2405,0
419.959,2,1,2,1,9,4,6,4.492387978,-0.2344,0.1866,0
336.58,1,1,2,1,1,4,4,-1.2082,-0.1059,0.0912,0
608.989,2,1,1,4,3,6,6,-0.3381,1.8626,0.854,0
318.99,2,2,2,1,4,4,4,-0.6896,-1.9782,-1.1374,0
525.732,1,1,2,1,4,4,4,2.5915,-0.083,0.2713,0
444.688,1,1,1,2,3,4,4,-0.6837,1.4777,0.4522,0
533.535,1,1,1,3,2,5,5,-1.2158,0.1809,0.86,0
428.743,2,1,1,1,1,6,6,-1.902,0.4293,0.9471,0
356.601,1,1,2,2,4,4,4,0.7701,-1.9366,-1.5051,0
456.141,2,1,2,6,4,6,6,2.5915,1.3942,1.5084,0
511.419,2,1,2,3,3,5,5,-0.3381,-0.5905,0.1633,0
514.382,1,1,1,6,2,4,4,-0.7768,0.7823,-0.4026,0
451.645,2,1,1,4,2,6,6,-0.9585,0.4952,0.8474,0
494.823,1,1,2,1,3,5,5,-0.3381,-0.4289,0.264,0
365.864,1,1,2,3,3,4,4,-0.3381,-0.1575,-0.9339,0
467.156,2,1,2,1,3,4,4,-0.1585,-0.9534,-0.6479,0
463.806,2,1,1,6,4,5,5,0.7246,0.71,-0.206,0
676.499,1,1,1,5,4,6,6,0.2365,1.5124,1.5312,0
649.358,2,1,2,2,4,5,5,1.0269,-0.2247,0.053,0
442.784,1,1,1,3,4,2,4,2.5915,2.1196,-0.1178,0
390.334,2,1,1,2,3,4,4,-0.3381,0.8754,-0.2237,0
457.27,2,2,1,3,3,5,5,-0.66,0.6702,0.4406,0
277.696,1,1,2,2,7,4,4,2.668041377,-1.5498,-1.3836,0
444.446,2,1,2,3,9,4,4,5.09403414,1.1489,0.5587,0
411.502,1,1,1,3,4,5,5,1.5043,0.9423,0.0033,0
434.105,1,1,2,1,2,6,6,0.5354,1.0507,1.2582,0
423.306,2,1,2,1,3,6,6,-0.0469,-0.9956,-0.5477,0
476.154,2,1,1,6,4,6,6,0.2669,1.105,1.4021,0
480.792,1,1,1,4,4,5,5,0.6642,1.0152,-0.0319,0
441.246,2,1,2,1,4,6,6,1.5611,0.6023,1.0314,0
640.913,2,1,2,4,4,6,6,1.398,1.6364,1.4321,0
528.622,1,1,1,4,3,4,4,-0.66,1.7927,0.0307,0
356.134,2,1,2,1,3,4,4,-0.0099,0.3672,0.2714,0
504.871,2,1,2,2,4,6,6,1.0269,-0.0535,0.5631,0
454.287,1,2,2,2,3,4,4,0.0248,-0.4166,-1.2358,0
550.369,2,1,1,5,4,6,6,0.1516,1.9854,1.4364,0
521.21,2,1,2,1,3,4,4,-0.3381,-1.0823,-0.9225,0
502.258,2,1,1,3,3,4,4,-0.3381,1.1051,0.5426,0
480.799,2,1,1,3,3,4,6,0.0018,0.6356,0.7543,0
429.525,2,1,2,1,4,6,6,1.5611,-0.683,0.4144,0
535.159,1,1,1,4,2,6,6,-1.078,2.181,1.7355,0
465.705,2,1,1,1,3,5,6,0.514,-0.7187,-0.0265,0
438.816,1,1,2,6,2,4,4,-1.5827,0.2026,-0.7603,0
373.108,2,1,2,1,2,4,4,-0.0992,-0.847,-0.2161,0
425.798,2,1,1,2,3,6,6,-0.3381,0.6589,0.9075,0
221.081,1,1,1,4,3,5,6,-0.5064,1.1061,0.6999,0
565.412,2,1,2,1,2,2,2,-0.7244,-0.2333,-0.4183,0
465.074,1,1,1,3,4,6,6,-0.0621,1.1072,1.1136,0
632.226,1,1,1.163796988,3,1,5,5,-1.0636,0.4614,0.6325,0
484.232,2,1,1.10515963,4,1,1,5,-1.4513,0.2011,-0.6617,0
486.376,1,1,2,1,3,1,1,-0.1985,-0.7062,-1.9703,0
290.798,1,1,1,4,3,5,5,1.0676,1.7579,1.0263,0
602.741,1,1,1,3,3,5,5,-0.3381,-0.1101,0.4638,0
442.284,1,1,2,1,4,2,2,0.2774,0.751,-0.9864,0
524.724,1,1,1,6,4,6,6,2.5915,1.2213,1.3829,0
477.465,1,1,1,2,4,1,1,0.5901,-0.9762,-2.0282,0
456.132,1,1,1,2,3,6,6,0.0248,0.719,0.5616,0
460.197,2,1,2,1,3,4,4,0.1313,-0.7906,-0.8153,0
454.903,1,1,2,5,3,4,4,-0.3381,1.263,0.2907,0
554.042,1,1,2,3,4,6,6,2.5915,0.7211,1.261,0
331.166,2,2,2,1,2,2,2,-0.6274,-1.603,-0.9217,0
535.297,1,1,1,4,3,5,6,-0.3381,0.385,0.6622,0
370.198,1,1,1,4,4,5,6,1.5611,1.5817,1.164,0
316.898,1,1,2,1,4,5.236799966,5,0.6855,0.53,-0.4788,0
378.988,1,2,2,1,4,2.808259904,2.852953321,-1.1006,-1.8614,-1.3005,0
389.734,2,1,2,1,4,6,6,0.2774,1.2569,-0.0477,0
489.641,1,1,1,3,3,4,4,0.42,0.641,-0.2479,0
614.935,1,1,1,5,3,6,6,-0.866,0.15,1.0305,0
378.95,2,1,2,1,7,6,6,2.653126651,0.0067,0.3166,0
582.725,2,1,2,3,3,6,6,-0.3381,-0.0448,0.6283,0
521.522,2,1,2,5,4,6,6,0.3171,1.2446,1.2674,0
562.498,2,1,2,2,2,4,4,-1.0536,0.0495,-0.238,0
588.639,2,1,1,5,3,4,6,-0.3381,0.8348,1.1375,0
386.797,2,1,1,1,3,2,2,-0.3381,-0.3871,-1.508,0
411.949,2,1,1,5,3,6,6,-0.3381,0.8774,1.1241,0
473.406,1,1,1,5,2,6,6,-1.0536,0.3878,0.5806,0
441.334,1,1.316701546,1.472233311,3.490459631,2.726650839,6.220877641,5.151415782,-0.732248702,0.866100122,0.081806759,0
553.521,2,1,2,4,3,6,6,-0.1613,1.3948,1.3226,0
373.559,1,2,2,3,2,1,1,-0.5917,-1.6242,-2.3356,0
395.286,2,0.78980241,1.578620133,1.981209673,3.388901497,3.510587321,4.813083512,-0.696760279,0.430193868,0.166327332,0
455.381,1,1,2,3,3,4,4,-0.082,0.2984,-0.8491,0
569.961,1,1,1,4,3,6,6,-0.3381,0.9601,1.1216,0
394.197,2,1,1,1,3,4,4,-0.5753,0.5394,0.3347,0
610.256,2,1,1,6,2,4,4,-0.5304,1.6987,0.0375,0
511.448,1,1,2,2,2,4,5,-0.9414,-1.3461,-0.9823,0
550.411,2,1,2,3,2,6,6,-0.9585,-0.8503,0.4976,0
377.557,2,1,2,1,4,0,1,0.7934,-1.5766,-2.5175,0
540.68,2,1,2,3,3,5,5,0.7333,0.0906,0.1863,0
429.788,2,1,2,1,3,2,2,-0.3381,0.011,-1.2997,0
360.22,2,1,2,3,4,4,4,-0.2015,-0.9836,-1.3298,0
482.114,2,1,1,6,3,6,6,-0.3381,3.4053,2.0615,0
654.418,2,1,1,5,3,6,6,0.7555,2.3869,1.8112,0
620.786,2,1,1,4,4,6,6,1.0269,2.4707,1.5734,0
577.342,2,1,1,3,1,4,4,-3.1297,2.1514,0.3692,0
445.27,2,1,2,4,3,6,6,0.0371,-0.0621,0.7252,0
439.085,1,0.840904625,0.830571591,5,2,6,6,-1.072,1.7853,1.4661,0
421.826,1,1,2,2,3,0,2,-0.3381,-0.8425,-1.5514,0
327.431,2,1,2,3,4,5,5,2.5915,0.4078,0.1788,0
461.158,1,1,2,4,4,6,6,0.6642,1.9705,1.3069,0
532.911,2,1,2,3,4,4,4,1.0269,0.1108,-0.7114,0
471.779,2,1,2,1,3,6,6,-0.3381,-0.2103,0.5881,0
537.235,2,1,2,3,3,6,6,0.0248,0.4751,1.0053,0
455.954,2,1,2,3,1,5,5,-2.4441,0.5264,-0.0049,0
486.58,2,1,2,3,2,6,6,-0.9585,0.5815,1.0031,0
480.986,2,1,2,1,4,4,4,0.6642,-1.6302,-1.5991,0
539.72,1,1,2,1,3,6,6,-0.3381,-0.4042,0.2069,0
438.688,1,1,2,3,3,5,5,-0.5064,0.5435,-0.2465,0
412.728,2,1,2,3,2,5,6,-0.9214,0.5288,1.0664,0
561.334,1,1,1,5,4,6,6,2.5915,2.3763,1.642,0
368.827,1,1,1,1,1,2,2,-3.1297,-0.2946,-0.7921,0
579.174,1,1,1,2,3,6,6,-0.4725,0.6173,0.8923,0
