treat,SC048Q01,Female,HOMEPOS,ESCS,SCHID,Y,origNum
1,2.781689741,0,-0.50320267,-0.576720489,16,11.97009656,40
1,2.781689741,1,0.637071908,0.694519827,16,3.666164008,41
1,2.781689741,0,0.719107529,0.956657592,16,-0.664919251,42
1,2.781689741,1,0.031673694,0.657384659,16,1.071542383,43
1,2.781689741,1,0.739051026,-0.908988932,16,3.260187269,44
1,2.781689741,0,-0.215872392,-1.324537558,16,4.072013689,45
1,2.781689741,0,-1.365913114,-0.076674135,16,6.478656203,46
1,2.781689741,0,0.043598671,0.838677335,16,-2.503205905,47
1,2.781689741,1,-0.844092545,0.301374058,16,5.807505999,48
1,2.781689741,0,-0.508651151,0.548048981,16,1.777967389,49
1,2.781689741,0,0.18854883,0.102670466,16,-1.069950527,50
1,0.955650664,0,1.048997641,1.553133629,35,4.037969508,123
1,0.955650664,0,0.915664055,1.142820454,35,11.31373093,124
1,0.955650664,0,0.938177591,1.379024478,35,7.470459691,125
1,-0.703669356,1,-0.219162041,-0.458131458,74,7.592314792,305
1,-0.703669356,0,-0.612275094,0.628772315,74,4.857150949,306
1,-0.703669356,1,-0.075959509,0.836972769,74,1.501829547,307
1,-0.703669356,1,0.886262818,1.293552712,74,3.354941023,308
1,-0.703669356,1,-0.658330179,0.809943237,74,5.252441743,309
1,-0.703669356,0,-0.123453816,0.992453459,74,2.96250878,310
1,-0.703669356,1,-0.157378321,0.122272965,85,1.772529246,349
1,-0.703669356,0,-0.582565451,0.44041787,85,5.852494434,350
1,-0.703669356,1,0.089756559,0.909173278,85,2.526272704,351
1,-0.703669356,0,0.576007798,1.020091765,85,2.260337084,352
1,-0.703669356,1,-0.577630978,0.266430473,85,-0.061185284,353
1,-0.703669356,1,0.237276755,0.822362211,85,4.611184758,354
1,-0.703669356,0,0.699369635,-0.88354221,85,10.09247486,355
1,0.030090454,1,0.960485523,1.464252734,90,-3.096395929,377
1,0.030090454,1,0.829721976,0.330595174,90,3.18487998,378
1,0.030090454,1,0.174053814,-0.374973031,90,0.139159244,379
1,0.086580703,1,0.639744747,0.896876058,92,1.697385972,386
1,0.086580703,1,1.61245283,0.540378438,92,4.721145519,387
1,0.086580703,1,-0.138051633,0.432625572,92,3.360197626,388
1,0.086580703,1,0.21877248,0.613065965,92,1.263741645,389
1,0.086580703,1,0.229463839,0.592611184,92,0.747970332,390
1,0.086580703,1,1.591995325,1.537792543,92,4.516190136,391
1,0.030090454,0,-0.068454997,-0.915807193,106,4.868761369,452
1,0.030090454,1,0.976316959,0.872403373,106,10.17454078,453
1,0.030090454,0,0.338844667,-0.05926322,106,6.304098467,454
1,0.030090454,0,0.66811797,0.88409182,106,7.929554701,455
1,0.030090454,1,-0.199938154,0.279823484,106,2.429004866,456
1,0.030090454,1,-0.684338967,-0.605211077,106,5.780556592,457
1,0.030090454,0,0.651052916,0.247680256,106,5.974498828,458
1,-0.153349498,1,-0.505567105,0.197152076,132,5.109919905,560
1,-0.153349498,1,-2.666969286,-1.870728924,132,-12.0213672,561
1,-0.153349498,1,2.292690558,2.074121783,132,13.07347745,562
1,-0.153349498,0,0.262771535,-0.382400065,132,5.264408904,563
1,-0.153349498,0,-0.265936737,0.934132981,132,-0.623323331,564
1,-0.153349498,0,0.235323526,-1.128147305,132,4.826778914,565
1,-0.153349498,1,-1.445173095,-0.555900443,132,0.16463578,566
1,0.47034634,1,0.640155953,1.299640445,133,6.237569899,567
1,0.47034634,1,-0.079865967,0.634007765,133,4.903427324,568
1,0.47034634,0,-1.270102088,0.241714278,133,1.492426921,569
1,0.47034634,1,-0.390634994,-0.099929274,133,3.09031304,570
1,0.47034634,0,-0.201171773,0.807629898,133,1.079940439,571
1,0.47034634,0,-1.60472107,-1.425959183,133,2.950997381,572
1,0.47034634,1,0.165624088,0.690501924,133,4.580718161,573
1,0.47034634,0,0.76485421,1.152682581,133,5.874257228,574
1,0.47034634,0,0.160586813,-1.036709562,133,-3.330835209,575
1,0.323594378,0,1.067707519,1.1335671,182,3.948682495,754
1,0.323594378,1,0.235940335,0.771468767,182,11.28573868,755
1,0.323594378,1,0.650230503,0.77573018,182,8.401620366,756
1,0.323594378,0,0.745630324,0.394638121,182,1.073224022,757
1,0.323594378,1,-0.225535736,0.570573592,182,11.89427644,758
1,0.947290216,0,-0.272310432,0.625728449,216,8.607328775,836
1,-0.850421318,1,0.969840462,1.267010198,217,8.260282398,837
1,-0.850421318,0,0.321471209,1.035189342,217,0.632273596,838
1,-0.850421318,0,0.374311195,1.234258197,217,2.889905544,839
1,-0.850421318,1,0.319620781,0.631816182,217,3.66654393,840
1,-0.520229403,0,-0.001082725,-0.006924403,238,3.766335525,945
1,-0.520229403,1,-1.39582836,0.18704644,238,9.061151404,946
1,-0.520229403,1,1.024222472,-0.0679078,238,5.109685512,947
1,-0.520229403,0,-0.030110026,0.731167977,238,4.127713739,948
1,-0.520229403,1,-0.001082725,-0.006924403,238,8.004806571,949
1,-0.520229403,0,2.083181038,1.424560717,238,10.72709559,950
1,-0.520229403,0,-0.845531767,-0.919338078,238,0.770227114,951
1,0.286906387,0,0.633576656,0.894197456,277,5.851095495,1089
1,0.286906387,0,-0.250516508,-0.290597058,277,5.508152563,1090
1,0.286906387,1,-0.37428955,0.002709898,277,-3.911538478,1091
1,0.286906387,1,3.260464167,2.515604149,277,9.94210734,1092
1,0.286906387,0,0.876291069,1.477889255,277,3.576060789,1093
1,0.103466435,0,0.267911611,1.037015662,286,2.633934019,1136
1,0.103466435,0,1.091454673,0.024382226,286,4.963728639,1137
1,0.103466435,0,1.978015073,1.202723742,286,3.480478209,1138
1,0.103466435,0,1.97513663,1.478132764,286,6.108529123,1139
1,0.103466435,0,0.296079231,0.873133901,286,10.10820839,1140
1,0.103466435,0,-0.505464303,0.051290004,286,0.489192115,1141
1,0.103466435,0,0.946298912,1.206498137,286,3.845693158,1142
1,-0.336789451,1,0.407927296,0.369556662,296,1.922564712,1161
1,-0.336789451,0,0.542391698,0.22552091,296,11.01960667,1162
1,-0.336789451,1,1.791635898,1.876270474,296,11.58615309,1163
1,-0.336789451,0,-0.161901588,0.698902995,296,7.085113606,1164
1,-0.336789451,1,0.469402611,0.69695492,296,8.554429011,1165
1,-0.336789451,1,-0.474829447,0.688553849,296,8.55682804,1166
1,-0.336789451,0,0.13683966,0.97991273,296,9.212367216,1167
1,-0.336789451,0,-1.107470067,0.413144828,296,6.131549361,1168
1,-0.813733327,1,0.996157654,0.573982722,322,4.093205397,1246
1,-0.813733327,1,2.156889736,1.632761171,322,0.390737725,1247
1,-0.813733327,0,2.647767044,1.947009927,322,0.981484291,1248
1,-0.813733327,1,0.596362501,0.878004087,322,0.906395098,1249
1,-0.813733327,1,-1.110759716,0.034366107,329,3.954540906,1288
1,-0.813733327,1,0.1798107,0.369678417,329,6.603324488,1289
1,-0.813733327,1,0.389217417,1.190426523,329,4.598690199,1290
1,-0.813733327,0,-0.518725701,-0.060115503,329,3.474516413,1291
1,-0.813733327,1,-0.473287424,0.689162623,329,2.210141522,1292
1,-0.813733327,1,-0.531987098,0.638512688,329,4.4933537,1293
1,-0.813733327,1,-0.386008925,0.727150074,329,4.3800813,1294
1,-0.813733327,1,0.426945579,0.77913931,329,8.183893491,1295
1,-0.813733327,1,1.759973026,1.535479205,329,7.119034007,1296
1,-0.813733327,0,-0.450054278,0.724471471,329,-3.841059944,1297
1,-0.813733327,0,-1.371155993,0.147476178,329,2.8627975,1298
1,-0.520229403,0,1.193947799,0.886526913,361,8.175330869,1425
1,-0.520229403,0,1.212452074,-1.31175332,361,3.298419956,1426
1,-0.520229403,0,-0.465166103,-1.853196255,361,-8.468774391,1427
1,-0.520229403,0,-0.921913304,-2.228078826,361,-10.09912276,1428
1,-0.520229403,0,0.294331605,-0.028337538,361,1.614896965,1429
1,-0.520229403,0,0.436711724,0.959457949,361,6.656809637,1430
1,-0.520229403,0,-0.100117868,0.790827757,361,2.500754017,1431
1,-0.520229403,0,0.123886667,0.501295195,361,2.383630249,1432
1,0.763850264,0,1.421858792,1.237302063,381,3.450344134,1490
1,0.763850264,1,1.128154819,0.656654131,381,2.72169766,1491
1,0.763850264,1,-0.010680537,0.160990945,381,1.057467471,1492
1,0.763850264,0,0.013477823,1.077194697,381,4.137001566,1493
1,0.763850264,0,1.563622103,1.751958975,381,4.727664174,1494
1,0.763850264,1,0.000113624,-0.488448366,381,4.571256027,1495
1,-0.740357346,1,1.309702322,1.006211735,415,5.800305612,1631
1,-0.740357346,1,-0.709730945,0.435304174,415,2.998084475,1632
1,-0.740357346,0,0.691556719,1.196270746,415,2.771832607,1633
1,-0.740357346,0,-0.790944154,0.148450215,415,4.730375048,1634
1,-0.740357346,1,-0.396083475,0.571912893,415,6.185225457,1635
1,-0.740357346,0,-1.095545089,0.317689181,415,1.007995414,1636
1,-0.740357346,1,0.939308408,1.20345427,415,6.670428643,1637
1,-0.740357346,1,0.048121939,0.34252713,415,7.887579874,1638
1,-0.740357346,0,0.514840888,1.270297574,415,5.495978373,1639
1,-0.520229403,1,0.380170883,0.05433387,440,8.169351463,1738
1,-0.520229403,1,-0.570743275,0.797767772,440,5.116220738,1739
1,-0.520229403,0,-0.226255346,0.696102638,440,4.19458509,1740
1,-0.520229403,1,0.299471681,0.774025615,440,5.536757853,1741
1,1.24079414,0,-1.11240454,-1.964601761,474,13.43529969,1876
1,1.24079414,1,-2.24342698,-2.257421697,474,-8.313710584,1877
1,-0.220809261,0,1.340953988,0.057499491,476,1.673260691,1878
1,-0.220809261,1,0.672949642,-0.434511056,476,-1.503313745,1879
1,-0.703669356,0,-0.164574428,-0.177730496,487,4.134845885,1919
1,0.617098302,1,-0.861671607,-1.135209075,495,1.767057837,1946
1,0.617098302,1,-0.171667734,-0.103094894,495,6.133741791,1947
1,0.617098302,1,0.126662308,0.125195077,495,6.392544946,1948
1,0.617098302,1,-0.497651387,-0.193436846,495,2.47899056,1949
1,0.617098302,1,0.970251668,1.317538379,495,8.727098738,1950
1,0.617098302,1,-0.21844243,-0.482969407,495,7.418184726,1951
1,0.617098302,1,-0.68526418,0.295042816,495,8.078050918,1952
1,0.617098302,1,-0.731833274,0.652149208,495,5.48521668,1953
1,0.617098302,1,-1.421837147,-0.893404337,495,-1.18037768,1954
1,2.781689741,1,-1.797165535,-1.592763055,517,3.170015986,2043
1,2.781689741,1,0.984129875,0.749918194,517,1.611348611,2044
1,2.781689741,1,-2.387246321,-0.345143142,517,-3.01141893,2045
1,2.781689741,0,0.01594506,0.776338953,517,8.370989955,2046
1,2.781689741,1,-0.413148529,0.06638758,517,9.46541877,2047
1,2.781689741,0,-0.569509657,-1.033300432,517,-2.290914069,2048
1,2.781689741,1,-1.434687338,-0.005934683,517,-5.108437017,2049
1,2.781689741,0,-1.286961539,-0.565640815,517,-8.499952592,2050
1,0.947290216,1,-0.278067318,-0.923599491,544,11.42561087,2131
1,0.947290216,0,1.037175465,1.371840953,544,4.641561126,2132
1,0.947290216,0,-0.099398258,-0.006924403,544,-0.014320107,2133
1,-0.336789451,0,1.804177684,1.277968117,563,2.951540464,2208
1,-0.336789451,1,1.869765061,1.331661918,563,4.876140128,2209
1,-0.336789451,1,1.367065576,1.515389687,563,2.679583194,2210
1,-0.336789451,0,0.243958855,0.80008111,563,-2.384948035,2211
1,-0.336789451,1,1.438204235,1.294770259,563,2.615242748,2212
1,-0.593605384,1,0.55935395,0.887135686,589,-0.464335533,2324
1,-0.593605384,1,1.31628162,1.468148883,589,-4.414507531,2325
1,-0.593605384,1,1.976678653,1.906587382,589,5.081489747,2326
1,-0.593605384,1,0.845964618,1.288560772,589,-6.401932725,2327
1,-0.593605384,1,0.368759913,1.005359452,589,3.699061929,2328
1,-3.372581243,1,-0.369457878,0.70925214,603,-0.690549852,2383
1,-3.372581243,1,-0.745197473,-0.586460861,603,4.6064988,2384
1,-3.372581243,0,0.374413997,1.158770313,603,8.908493051,2385
1,-3.372581243,0,-0.487679639,0.682953135,603,8.703421873,2386
1,-3.372581243,0,-0.166322054,0.722158133,603,-2.4859376,2387
1,-3.372581243,1,1.575033073,1.756829161,603,9.168696462,2388
1,-3.372581243,0,0.78161086,1.185069318,603,1.345641083,2389
1,-3.372581243,1,0.18587599,-0.100659801,603,9.02156774,2390
1,-3.372581243,0,0.371432753,0.956292328,603,4.038242427,2391
1,-0.006597536,1,-0.123865022,0.916843821,667,-0.17140449,2644
1,-0.006597536,0,0.073925123,0.675769611,667,-0.689505733,2645
1,-0.520229403,0,0.953186614,1.18433879,711,0.039938775,2832
1,-0.520229403,0,-0.438129301,0.327186044,711,-3.122263455,2833
1,-0.520229403,0,-0.476165867,0.713148289,711,5.382098374,2834
1,-0.520229403,0,0.941981247,-0.94636761,711,-8.675227153,2835
1,-0.520229403,0,0.235323526,0.896997813,711,-0.52111123,2836
1,-0.520229403,0,0.48071078,0.978695184,711,2.616250581,2837
1,-0.520229403,0,3.014665707,2.383500352,711,4.373465425,2838
1,-0.520229403,0,0.685080222,0.790827757,711,2.619876862,2839
1,-0.190037489,0,1.552416736,0.972120433,714,5.658688295,2858
1,-0.190037489,0,0.490888131,1.134054119,714,8.823364429,2859
1,-0.190037489,1,2.339054048,1.636535566,714,9.229443251,2860
1,-0.190037489,1,0.444935847,0.686362266,714,1.673443731,2861
1,0.580410311,1,1.135453728,1.339088952,733,6.444452452,2944
1,0.580410311,1,-0.74972074,-1.65753653,733,9.277187629,2945
1,0.580410311,1,-0.313431044,0.155024967,733,5.22811463,2946
1,0.030090454,1,0.345835171,0.810186746,762,2.263362988,3058
1,0.030090454,1,0.465598955,0.972120433,762,0.434327976,3059
1,0.030090454,1,0.388189402,1.013882278,762,5.647832447,3060
1,0.030090454,1,-0.001839605,-0.262836997,762,5.014275375,3061
1,0.030090454,1,1.084875375,1.31705136,762,7.085073462,3062
1,0.030090454,1,1.387934287,1.499318073,762,5.991027902,3063
1,0.030090454,0,-0.291945524,0.79326285,762,-0.548059379,3064
1,-0.740357346,1,0.421188693,0.977964656,766,6.860909703,3072
1,-0.740357346,0,-0.025072751,0.582383793,766,6.202508487,3073
1,-0.740357346,1,0.280864604,0.967128492,766,-1.267929658,3074
1,-0.740357346,0,-0.222348888,0.697807203,766,1.900772719,3075
1,-0.740357346,1,0.519878163,0.341553093,766,1.65263673,3076
1,-0.740357346,0,-0.081613593,0.683561909,766,1.745189173,3077
1,-0.520229403,1,1.777243683,1.467540109,828,5.987955878,3290
1,-0.520229403,1,0.965934004,1.491769285,828,2.141962266,3291
1,-0.520229403,1,1.146453492,1.419325267,828,5.029959936,3292
1,-0.850421318,1,0.424889548,0.828571698,840,3.659153859,3339
1,-0.850421318,0,1.775290454,1.667948266,840,-2.320222285,3340
1,-0.850421318,1,0.134578026,0.02292117,840,8.449632751,3341
1,-0.850421318,0,0.345629568,1.045660242,840,-1.954325029,3342
1,-0.850421318,1,0.722088773,1.134054119,840,5.368168935,3343
1,-0.850421318,0,-0.333477343,0.624267393,840,-1.95031466,3344
1,-0.850421318,1,0.059121703,-0.080326775,840,6.620438094,3345
1,-0.850421318,1,0.178885486,0.872403373,840,3.467874229,3346
1,-0.850421318,0,-0.589041948,-0.933461617,840,-4.740577956,3347
1,-0.887109308,0,0.434450091,0.259125194,849,11.85061034,3391
1,-0.887109308,1,-0.303870502,0.762945941,849,11.35605882,3392
1,-0.887109308,1,0.826432327,1.456216927,849,10.55705289,3393
1,-0.887109308,1,0.222884541,0.99220995,849,10.89000397,3394
0,1.314170121,1,0.290425146,0.845495595,378,0.850749788,1484
0,-0.703669356,0,1.690273588,1.354186529,55,3.644675351,230
0,0.213530407,0,0.548970996,1.134175874,737,3.566466738,2952
0,2.414809836,1,0.548456988,1.234623461,196,-1.416790526,790
0,0.213530407,0,0.904047483,0.886161649,21,6.809415552,67
0,-0.373477441,0,0.802890776,0.842086465,428,6.596588479,1699
0,-0.850421318,0,-0.070305424,0.638147424,816,3.189367643,3255
0,-0.153349498,1,-0.183181505,0.840625409,593,3.090061302,2340
0,0.030090454,1,0.324760858,1.13721974,444,5.368579807,1758
0,-0.703669356,0,1.618415319,1.42358668,55,2.19603983,232
0,-0.777045337,1,3.810452355,2.327249703,656,10.78561549,2599
0,-0.520229403,1,0.334424202,0.73883852,1,-1.062577076,6
0,0.580410311,0,-0.364112199,0.610996136,310,-8.063823943,1214
0,-0.703669356,1,-1.162160481,0.263630116,273,1.308792321,1076
0,-0.813733327,1,-0.055502004,-0.437189658,352,4.597237976,1389
0,2.047929931,0,0.208389525,1.187139147,42,-6.536632371,165
0,-0.813733327,1,0.433216472,0.93279368,169,-0.54372191,714
0,-0.777045337,0,0.373180379,1.208567966,705,2.313213355,2800
0,-0.850421318,1,0.143624561,0.907468713,231,-0.728708121,891
0,-0.483541413,1,0.654959374,1.180320887,225,-0.882221825,876
0,-0.777045337,0,1.622424578,0.947282484,656,4.59530319,2600
0,1.20410615,1,-0.255450981,0.683440154,692,-5.947045295,2750
0,-0.850421318,0,0.156166347,0.988313801,407,-0.868543661,1592
0,-0.336789451,1,0.827871548,1.129792706,324,8.928069626,1258
0,2.089032127,0,0.700192047,1.099354043,630,1.486450647,2518
0,0.250218397,1,0.815021357,1.350655644,255,-3.927705217,1018
0,-0.556917394,0,-0.580715024,-1.483427378,813,1.732604971,3238
0,-0.740357346,1,1.239180472,1.283568831,724,6.037313698,2903
0,2.121305912,0,-0.097856235,-0.853103547,323,-1.233321875,1252
0,-0.666981365,0,-0.8679425,-0.589504727,348,-3.519087031,1361
0,0.433463435,0,0.905486704,1.239006629,375,4.903003294,1464
0,0.580410311,1,-0.250824912,-0.491979251,597,6.744269379,2361
0,-0.043285527,0,0.069607459,0.62365862,547,2.825687442,2143
0,-0.556917394,0,2.73144749,1.786172032,458,-4.732835398,1820
0,-0.153349498,1,-0.216797606,0.39829076,344,-4.401092184,1350
0,-0.226725479,0,1.813635425,1.65942544,488,1.994459147,1925
0,-0.630293375,1,-2.357845083,-1.338661097,249,2.238054843,993
0,-0.777045337,0,1.399036852,0.925488401,656,3.344276834,2602
0,-0.483541413,1,-1.473546317,-0.752534205,707,4.443672176,2812
0,-0.630293375,0,-0.254628569,0.381853882,722,0.85834397,2895
0,1.314170121,1,1.129594041,0.973581488,600,8.831645326,2373
0,-0.777045337,0,-0.692974295,-0.525948799,615,-6.346712721,2448
0,0.279475271,0,-0.001082725,-0.006924403,580,0.807253879,2280
0,-0.520229403,0,-0.245170828,0.315497597,294,6.780460462,1154
0,-0.153349498,1,0.170969768,-1.583874966,191,8.809137642,773
0,-0.813733327,1,1.142752637,1.241685231,391,-1.127973333,1535
0,0.114491372,1,0.101784338,-0.665601384,275,4.089242357,1086
0,-0.887109308,1,0.904355887,0.891397099,101,4.197248293,428
0,-0.520229403,0,-0.592742803,-1.488662828,135,-2.74791638,587
0,0.213530407,0,-0.022399911,-0.04538319,333,-0.499847007,1304
0,-0.703669356,1,-0.234479469,0.66736854,146,-3.54321161,625
0,2.781689741,0,-0.494258937,-1.081028255,123,10.54037334,520
0,2.047929931,0,1.065240282,0.880804444,335,0.100620097,1313
0,0.580410311,1,-0.400092735,-0.109182627,597,-0.730091701,2360
0,-0.483541413,1,-0.57506094,0.343014148,697,2.903106179,2764
0,-0.703669356,0,1.491866634,-0.090797675,738,12.82876289,2964
0,-0.850421318,1,0.333601789,0.38623705,718,4.358131919,2880
0,0.947290216,0,-0.519239709,0.769885956,236,-1.285702582,938
0,0.590585162,1,-0.716618647,-2.649471675,782,0.680132806,3132
0,2.598249788,0,-0.48038073,-0.566736607,794,2.107899393,3166
0,-0.850421318,1,1.627564655,0.999758738,417,5.821642276,1643
0,-0.593605384,1,1.317412437,0.819561854,40,2.041787074,158
0,0.843969444,1,0.869814573,0.297721418,15,12.29096199,39
0,1.791782506,0,0.023141167,0.779504574,73,3.245623593,296
0,-0.483541413,1,-0.070511027,0.285911217,225,-0.940542378,873
0,-0.703669356,1,1.330571033,1.47435837,104,1.619749559,448
0,-0.336789451,1,1.283076726,1.478863292,770,-3.599725958,3093
0,-0.777045337,1,1.906876413,1.750376165,705,7.913941938,2805
0,-0.079973517,1,0.578063829,0.99586259,451,1.588043949,1789
0,-0.520229403,0,-0.001082725,-0.006924403,11,2.182299445,30
0,-0.813733327,1,0.045757504,0.311357939,27,-1.969220335,86
0,-0.334112639,0,0.460664481,-0.137064442,622,6.889247126,2482
0,-0.703669356,1,-0.941651198,0.359572781,146,-5.08097579,624
0,-0.520229403,1,-0.001082725,-0.006924403,815,3.570264352,3249
0,0.213530407,1,-0.177630222,0.516027508,737,2.805335136,2954
0,-0.703669356,0,0.000833235,-0.709554813,558,-4.996211953,2182
0,1.570986055,1,-0.584724283,0.1938647,346,-5.176978417,1360
0,-0.666981365,0,-1.294363249,-0.594009649,60,-6.701889371,261
0,0.286906387,0,1.581406768,1.069402399,446,6.411584583,1769
0,1.314170121,1,0.343779141,1.019726501,838,7.4130627,3328
0,-0.850421318,0,-0.036072515,0.778895801,84,4.025743548,344
0,1.424234093,0,0.567680874,1.343593874,818,5.789129557,3261
0,-0.593605384,0,-0.757636458,-0.868566388,17,-16.24503453,55
0,0.725686955,0,-1.493181409,-0.056584618,232,-1.761348919,904
0,-0.334112639,0,-1.298166906,0.229538813,622,-1.129680515,2483
0,0.213530407,0,-0.870820943,0.61684036,739,2.540092561,2974
0,0.219794195,0,-0.281151364,0.123734021,367,9.034628694,1439
0,-0.520229403,0,0.681482169,0.889936043,269,-8.377234468,1055
0,-0.813733327,0,-0.382822077,0.129821754,445,0.028893777,1763
0,-0.813733327,1,-1.882593607,-0.502815415,602,-9.000696007,2380
0,-0.703669356,0,1.899063497,1.872739589,146,-1.270790647,623
0,0.580410311,0,0.857683992,1.293674467,559,6.985656449,2194
0,0.030090454,0,-0.007699292,0.79119302,727,2.069523248,2923
0,2.781689741,1,-0.160976374,0.276779618,123,-3.107352753,513
0,-0.813733327,0,1.934221621,1.510641256,169,4.405600771,711
0,-0.116661508,0,1.195181417,1.138680796,850,3.148671721,3399
0,2.781689741,1,0.434552892,-1.041457993,551,2.33213609,2173
0,-0.483541413,1,1.271768557,1.348098796,675,6.175828322,2675
0,0.50703433,1,0.758891721,1.37646763,454,2.58825581,1801
0,-0.703669356,1,0.536120805,0.902111508,839,8.888564165,3333
0,-0.483541413,0,-0.505155899,0.373452811,697,-0.005173117,2766
0,-0.777045337,1,0.853777534,0.629015825,98,-2.165738941,418
0,-0.703669356,1,0.221136915,1.192739861,839,8.41344285,3336
0,1.121188709,0,-0.20569504,0.252185178,823,-8.205894563,3273
0,-0.703669356,0,-0.173929367,0.920131196,626,-1.847807597,2505
0,-0.336789451,1,1.658096709,1.566648396,747,5.911268171,2998
0,-0.703669356,0,0.591736433,1.152804335,657,3.887279723,2608
0,-0.777045337,1,0.598521334,0.853774911,134,3.370115763,580
0,-0.850421318,1,-0.123865022,0.841355937,351,1.548710114,1381
0,-0.190037489,1,-0.392485421,0.825040814,654,-5.133769281,2593
0,-0.850421318,0,0.714378659,0.577148343,708,-1.155659502,2817
0,2.671625769,1,2.145478766,1.602566018,757,0.032863151,3031
0,-0.703669356,0,-2.365760801,-2.790828825,411,-4.045397793,1607
0,-0.630293375,1,1.812915814,-0.534593379,793,11.836619,3160
0,-0.556917394,0,-2.173007931,-2.151251641,458,-2.407417168,1821
0,-0.740357346,1,0.238407572,-0.279030366,724,0.250338124,2904
0,-1.443232474,0,0.412861769,0.546587926,706,-1.282310284,2810
0,-0.850421318,0,-0.509370762,0.578974663,319,1.917568607,1241
0,-0.593605384,1,-1.588684031,0.077954272,453,-4.845232423,1798
0,0.323594378,0,0.986083104,0.921835761,118,1.348163577,495
0,2.047929931,0,-0.411606506,-0.738045402,99,1.381891976,419
0,2.047929931,1,-0.012428163,-0.63224061,99,6.807834673,421
0,0.653786292,1,-0.152238244,0.854140175,76,4.795731819,317
0,-0.777045337,1,-0.399989933,0.41923256,469,-5.908938463,1853
0,2.341433855,1,3.006235982,1.730773666,648,5.467354277,2555
0,-0.777045337,0,-0.258843432,0.581288001,824,6.613214306,3274
0,-0.153349498,1,0.073616718,0.801420411,148,4.072684219,637
0,-0.703669356,1,1.109753345,1.25239964,855,1.630970537,3412
0,-0.336789451,1,-0.324739213,0.205431392,295,5.470271213,1160
0,-0.703669356,0,0.677678512,1.014125787,796,9.507616464,3168
0,1.20410615,0,-0.873904989,0.665785729,341,1.668602637,1341
0,-0.462370943,1,0.781302455,1.260435447,645,1.608113762,2542
0,2.781689741,0,-0.024661545,-0.285970381,433,5.065097063,1711
0,-0.703669356,0,0.660921863,1.333853502,140,-1.900431663,596
0,1.497610074,1,0.208903533,-0.065472707,77,4.665682596,320
0,-0.336789451,1,0.440720984,1.112260036,226,2.535114474,879
0,2.047929931,1,-1.146945854,0.395977422,335,2.109104865,1317
0,-0.850421318,1,0.510523223,0.714852854,84,8.672656771,343
0,-0.043285527,0,0.489962917,-0.295345489,46,2.277826348,192
0,-0.520229403,0,-2.2716974,-0.667184195,93,-12.15546189,393
0,-0.813733327,0,0.084410879,-0.741089268,485,-1.936786549,1911
0,1.314170121,0,0.374825203,-0.7667795,159,1.793630645,683
0,-0.813733327,1,-0.606826613,-0.488448366,687,0.687294472,2713
0,-0.520229403,1,0.221445319,-0.6005844,709,-1.519207949,2827
0,0.580410311,0,0.367012287,0.331325702,831,1.959288359,3306
0,-0.520229403,1,-0.169714505,-0.129637409,150,-3.382649431,644
0,-0.153349498,0,1.243909343,0.661767826,32,0.5213015,120
0,2.292993996,0,-0.048100294,0.899432906,613,4.330316789,2440
0,0.580410311,0,1.064006664,0.427511877,472,5.069472581,1871
0,2.047929931,1,-0.5052587,-0.225336565,742,-1.754722013,2984
0,0.172022327,1,0.091401383,0.784009496,65,-1.396302023,270
0,-0.520229403,1,0.926252613,-0.08178783,174,0.814642903,725
0,1.20410615,1,0.094279826,1.031780212,692,-0.818901148,2744
0,-0.520229403,0,0.526149056,0.822362211,397,3.139619361,1564
0,-0.410165432,1,1.881998443,1.462791678,328,7.885702894,1287
0,-0.373477441,1,0.700706055,1.024109669,151,1.82306521,645
0,-0.410165432,1,0.579194646,0.946064937,54,-3.512301773,228
0,0.54872179,1,0.206230693,0.758562774,410,6.5021624,1596
0,0.030090454,1,-0.085931257,0.958483912,595,6.702335719,2353
0,-0.630117555,0,1.936277651,1.436127409,852,-2.416350512,3402
0,-0.813733327,1,-0.761028908,-0.870027444,445,7.265291757,1762
0,0.213530407,0,0.847609442,1.138315532,252,8.28462275,1008
0,1.864489979,0,-0.090248921,-0.615803732,836,3.235102372,3316
0,0.115378793,1,-0.218236827,0.397681987,129,5.65223756,557
0,1.864489979,0,-0.918623655,0.52053243,186,10.35715058,762
0,-0.850421318,1,0.566652859,0.990870649,351,2.044864735,1376
0,-0.373477441,0,0.682612986,0.940707732,428,15.45216461,1694
0,-0.703669356,0,0.569017294,0.916478557,67,0.928240191,279
0,-0.850421318,0,-0.637461469,0.617814397,830,4.408074154,3297
0,-0.703669356,1,0.500345872,1.112990564,372,4.611307607,1457
0,-0.630293375,1,0.738434217,1.36757954,827,5.72960127,3287
0,-0.703669356,1,-0.057558035,0.970781131,738,1.748662409,2959
0,-0.373477441,0,0.091915391,1.136489212,713,-2.16389685,2850
0,3.777213718,0,-0.798345864,-1.578152497,501,5.2461017,1977
0,-0.703669356,0,0.856964382,1.419203513,653,6.432009237,2583
0,-3.05108116,1,-0.068763401,0.266552227,363,3.53068366,1434
0,-1.443232474,0,1.072847596,1.387303794,706,3.566322483,2807
0,-0.777045337,1,1.739515522,1.853624109,596,6.036256557,2359
0,-2.160346434,1,1.944707377,1.641040488,542,6.709246679,2129
0,-1.827634352,1,1.348252896,1.406541029,28,1.161599855,96
0,-0.813733327,1,0.971176882,1.519164082,731,6.32325835,2933
0,-0.777045337,1,0.608904288,1.521233911,656,3.216724591,2603
0,0.947290216,1,0.513093262,1.319851717,377,-1.875255277,1481
0,1.424234093,0,0.579194646,1.021552821,86,-3.249183034,359
0,-0.703669356,0,0.009057357,0.7984983,562,1.334019796,2201
0,0.071455288,0,-0.408728063,0.49094605,725,2.333259478,2911
0,-0.675639551,0,-0.05190395,0.746874327,702,1.18548319,2789
0,-1.827634352,1,-0.763084939,-2.284816494,28,-3.196470482,95
0,-0.850421318,0,1.043446358,1.047486562,452,9.618537744,1791
0,2.598249788,0,0.528924697,1.150612752,794,1.798507009,3163
0,-0.336789451,1,0.963775172,1.314738022,52,5.860205725,214
0,-0.26341347,0,0.202427036,0.706573538,760,1.240852854,3041
0,1.314170121,1,0.76485421,0.533438423,378,7.541927714,1488
0,-0.703669356,0,-0.339851038,0.722158133,372,1.758942919,1456
0,-0.666981365,0,0.053776023,0.546344416,799,-3.317623257,3182
0,-0.850421318,1,0.752929233,0.573860968,683,3.661930923,2700
0,-0.153349498,1,0.85418874,1.015465088,841,2.072101951,3353
0,-0.777045337,0,-0.408316857,-0.963047998,469,7.842231881,1855
0,1.827801988,0,0.679837344,0.612457192,621,3.62678422,2479
0,0.590585162,0,0.539102049,1.154995919,782,0.246392553,3128
0,-0.483541413,1,1.585724432,1.283568831,460,5.793473815,1825
0,2.781689741,0,-0.441316148,0.451497543,125,-4.496861046,535
0,-0.520229403,1,-0.542267251,-0.510607713,144,3.54059173,608
0,0.103466435,1,0.343573538,1.044807959,209,2.573212294,810
0,-0.850421318,0,0.45120674,0.91550452,19,6.37446711,62
0,-0.336789451,1,-0.509473563,0.497399046,770,1.820905626,3090
0,-0.850421318,1,2.074237305,1.621925007,783,-1.405217793,3136
0,-0.703669356,0,-0.088192891,0.580070455,55,5.262290446,235
0,-0.850421318,1,0.794049845,1.08985718,606,6.889897278,2400
0,-0.593605384,1,0.359302172,0.779748083,40,-1.247472534,157
0,-0.669769097,1,-0.00420404,0.188994514,300,0.936397278,1185
0,-0.777045337,1,0.896131765,0.857549305,134,-0.383482686,576
0,-0.703669356,0,2.512583032,1.88820243,855,-1.45650217,3414
0,-2.539467376,0,-0.240853164,0.216754575,429,-2.081327946,1700
0,-0.226725479,1,0.838460106,1.411167706,488,5.740260156,1920
0,-0.520229403,1,0.487906887,0.98173905,709,5.694248884,2824
0,-0.703669356,1,0.510523223,1.117373732,426,3.166182079,1681
0,0.892205815,0,-0.849027019,0.223816345,387,2.442434549,1518
0,2.634937779,1,0.282920635,1.219647639,540,10.53175569,2114
0,-0.520229403,0,1.417335525,1.66307808,11,2.458456774,31
0,-0.336789451,1,-0.719085884,0.607343497,710,2.71620868,2828
0,1.094042178,1,-0.720319502,-0.147900606,203,2.121978151,799
0,-0.520229403,1,1.305076253,1.412994025,93,1.621598512,397
0,0.947290216,1,0.540746873,-0.819134,37,7.314736003,140
0,-0.850421318,0,-1.556301549,-0.084101169,455,7.008960554,1804
0,0.030090454,1,1.796261967,1.878340303,727,4.712263707,2921
0,-0.777045337,1,2.012556387,1.972456649,579,24.08788341,2273
0,-0.446853422,1,1.210190441,1.522573212,382,-2.275048849,1501
