"Y","GENDER","ST011Q06","ST011Q07","ST013Q01","ST034Q01","MISCED","HISCED","BELONG","HOMEPOS","ESCS","treat","prop.score","weights"
489.353,2,1,2,3,3,4,4,-0.7346,-0.4169,-0.5747,1,0.0226788309601402,1
468.466,2,1,1,5,1,6,6,-3.1297,1.4445,1.1136,1,0.107476350070846,1
646.53,2,1,1,3,3,6,6,0.3645,1.1482,1.1287,1,0.116559201377382,1
549.696,2,1,2,3,3,6,6,0.2947,-0.0122,0.2683,1,0.0573425737867501,1
520.364,2,1,2,3,3,6,6,-0.3381,0.6038,0.9699,1,0.0774363842091884,1
486.109,2,1,2,4,3,5,6,0.0248,-0.1363,0.6153,1,0.0686888573937506,1
507.414,2,1,2,2,4,5,6,1.398,0.4764,0.9645,1,0.0680696671989971,1
623.561,2,1,2,4,3,6,6,0.7333,0.8116,1.005,1,0.0946566157751781,1
466.84,2,1,1,5,4,4,4,1.5043,-0.259,0.0413,1,0.073152558909944,1
431.239,2,1,1,4,2,6,6,-0.983,-0.0951,1.0234,1,0.131712531461008,1
504.407,2,1,1,5,2,6,6,0.0048,2.4301,1.7031,1,0.168091733038373,1
481.011,2,1,1,3,4,4,5,0.3171,0.0511,0.2337,1,0.0563367943488691,1
565.37,2,1,2,3,2,6,6,-1.1407,0.006,0.7089,1,0.067187097871432,1
636.169,2,1,2,5,3,6,6,0.2947,0.9703,1.1873,1,0.112717065997755,1
349.382,2,1,2,4,4,6,6,1.5611,0.7499,1.0856,1,0.106982505770046,1
540.197,2,1,2,1,3,6,6,0.7333,0.2717,0.8066,1,0.0622485467959844,1
544.635,2,1,1,6,3,4,6,-0.3381,1.2584,0.7972,1,0.0939455577232595,1
747.374,2,1,1,5,3,6,6,0.2947,2.4143,1.8006,1,0.181568754375314,1
623.209,2,1,2,5,4,6,6,0.6642,0.3783,0.9491,1,0.109135241106924,1
437.347,2,1,2,4,3,4,4,-0.3381,0.468,-0.828,1,0.0197972778053499,1
544.029,2,1,1,4,4,6,6,0.6642,1.8362,1.4435,1,0.146890682595255,1
525.473,1,1,2,4,3,6,6,-0.5064,0.2098,-0.1667,1,0.0414136884440218,1
571.437,1,1,1,5,1,5,6,-2.032,1.629,1.4294,1,0.110259466563363,1
522.679,1,1,2,3,4,5,5,1.5611,0.1745,0.2378,1,0.0473114061873516,1
577.287,1,1,1,5,2,6,6,-1.251,1.2068,1.1916,1,0.125335463064508,1
432.612,1,1,2,4,3,4,6,-0.3381,0.346,1.0405,1,0.0642684272329627,1
572.238,1,1,1,6,3,6,6,-0.3381,0.7474,1.1054,1,0.152502803864123,1
441.869,1,1,1.119484198,3,3,6,6,0.0248,1.9289,1.5189,1,0.115386793500334,1
547.346,1,1,2,4,4,6,6,1.5043,0.9537,1.2432,1,0.106045460234937,1
489.283,1,1,2,3,3,6,6,0.3791,1.4952,1.2149,1,0.0781336895750232,1
475.379,1,1,2,2,3,4,4,-0.3381,-0.0988,-0.995,1,0.0137105576299673,1
606.77,1,1,1,5,2,6,6,-0.654,1.8241,0.7572,1,0.092835900369659,1
502.7,1,1,2,2,3,4,4,-0.5753,-0.6155,-0.317,1,0.0227716864182802,1
487.521,1,1,2,3,3,4,4,-0.4725,0.0144,-0.5815,1,0.0200048343445322,1
500.688,1,1,1,4,4,6,6,1.398,1.472,1.2477,1,0.135871528935926,1
635.823,1,1,1,5,3,6,6,-0.3381,1.4692,1.3706,1,0.143890079422145,1
574.702,1,1,1,3,2,4,6,-1.0362,0.4264,1.1527,0,0.0800043992443033,1
302.917,1,1,2,4.943402763,3,4,4,-0.225100568,0.9409,-0.4683,0,0.0247067983547155,1
378.295,2,1,1,6,2,6,6,-1.1053,0.6564,0.2247,0,0.0926218591465057,1
495.888,2,1,2,2,4,4,4,0.5901,-0.3238,-0.7884,0,0.0190554546118334,1
643.507,1,1,2,5,2,6,6,-0.6981,1.4157,1.4543,0,0.107304006600851,1
518.289,1,1,2,4,4,6,6,2.5915,0.7786,1.2202,0,0.116577439089231,1
591.228,1,1,1,5,3,6,6,-0.9678,2.7577,1.5962,0,0.131649544720011,1
301.199,2,1,1,2,3,6,6,0.3791,0.3748,0.8031,0,0.0946407011117124,1
509.165,1,1,1,6,4,5,6,1.5611,5.2563,2.5971,0,0.195209306352155,1
490.059,1,1,1,4,3,6,6,-0.6334,0.6919,0.961,0,0.109173653405678,1
309.795,1,1,2,3,2,2,6,-0.2953,-0.0363,0.4041,0,0.0286797864917794,1
359.238,1,1,1,5,4,6,6,2.5915,2.7615,1.7216,0,0.183612262809856,1
628.292,1,1,1,5,1,6,6,-0.5174,1.2777,1.2589,0,0.13651809152878,1
389.407,1,1,1,4,3,4,4,-0.3381,0.0303,0.1476,0,0.052773813776471,1
466.484,2,1,1,4,3,6,6,-0.4725,0.613,1.056,0,0.126812674525992,1
392.395,2,1,1,4,3,6,6,0.1313,1.5177,1.2232,0,0.129580881076726,1
425.795,2,1,1,3,4,6,6,2.5915,0.4899,0.5975,1,0.110375888922986,1
567.232,1,1,2,6,2,6,6,-1.1267,1.6775,1.1372,1,0.0931680300968452,1
503.075,1,1,1,2,4,5,5,0.7246,1.212,0.743,1,0.0652236626904198,1
497.481,2,1,1,4,3,6,6,0.4638,2.1449,1.495,1,0.143080126787317,1
497.06,2,1,2,4,4,6,6,0.3171,0.751,0.9827,1,0.0911250693063167,1
562.322,2,1,2,4,3,6,6,-0.2781,0.8141,1.1299,1,0.0942781461293668,1
388.742,1,1,2,4,4,4,4,1.5611,0.9144,0.1832,1,0.0390222791023811,1
334.806,1,1,2,4,3,5,5,-0.1144,0.2553,0.1021,1,0.0423758152263131,1
428.738,2,1,1,4,4,5,6,1.0269,1.6463,1.4357,1,0.132952438510921,1
377.025,2,1,2,3,3,6,6,-0.3381,1.2124,1.3589,1,0.0902909211389137,1
489.535,2,1,1,4,4,5,5,-0.2015,-0.3135,0.4097,1,0.0845744878727862,1
492.182,2,1,1,6,4,4,6,0.1157,2.3223,1.2089,1,0.107681678312359,1
359.481,2,1,2,4,4,5,5,0.6642,1.3257,0.7228,1,0.0618902145387611,1
443.105,2,1,2,3,4,6,6,0.6642,0.7204,1.1781,1,0.0938024870819652,1
637.356,2,1,2,5,4,6,6,1.5043,0.9503,1.1799,0,0.123504317971938,1
608.018,1,1,1,5,3,6,6,-0.6837,0.8889,1.0747,0,0.127554826647094,1
585.838,1,1,1,5,2,6,6,-0.7309,2.221,1.337,0,0.123782603207226,1
374.776,2,1,1,6,3,4,6,-0.9795,2.9974,1.7876,0,0.127301079799038,1
421.329,2,1,2,2,1,4,4,-2.4441,-0.6561,-0.9865,0,0.0135503368034838,1
606.096,1,1,1,4,4,6,6,0.6642,0.2869,1.0395,0,0.133520847556868,1
554.803,1,1,1,6,2,6,6,-0.8144,0.2076,0.8243,0,0.134443610608243,1
455.719,1,1,1,4,4,6,6,2.5915,1.9915,1.5006,0,0.160275011393011,1
630.601,1,1,1,5,3,6,6,-0.5064,0.5615,1.0784,0,0.135413680745215,1
556.296,1,1,1,2,3,6,6,0.1052,0.1866,0.8373,0,0.090357110440944,1
675.48,1,1,1,5,4,6,6,2.5915,1.5475,1.2754,0,0.167402580946581,1
544.12,1,1,1,5,2,6,6,-0.7768,1.9694,1.5338,0,0.143152673603968,1
472.704,2,1,1,3,3,6,6,-0.866,1.5604,1.3215,0,0.112359558170213,1
549.979,1,1,1,5,3,6,6,-0.8307,1.2407,1.2453,0,0.132934270804355,1
676.464,1,1,1,5,3,6,6,-0.3381,0.1348,0.9629,0,0.135781901470412,1
469.27,1,1,2,2,2,6,6,-0.6981,-0.4856,-0.5256,0,0.0275973422980915,1
588.024,1,1,1,3,1,6,6,-1.5441,1.2627,1.3774,0,0.107023214400263,1
599.999,2,1,1,6,3,5,5,0.0248,1.171,0.604,0,0.100461835372031,1
425.365,1,1,2,4,4,6,6,1.5043,0.487,0.6997,0,0.0812424902020527,1
488.923,2,1,1,6,1,6,6,-3.1297,1.9119,1.368,0,0.132030206645705,1
592.81,1,1,2,3,1,4,5,-1.4215,-0.0697,-0.2653,0,0.0233021962229221,1
534.19,1,1,1,2,4,6,6,2.5915,0.5857,0.9633,0,0.112095700409834,1
534.384,2,1,2,1,4,5,6,0.9646,-0.3848,0.586,0,0.0516304274684255,1
451.331,1,2,1,6,4,5,5,0.6642,0.4887,-0.308,0,0.0423808072091256,1
454.893,1,1,1,3,4,4,4,1.5043,0.6295,0.4091,0,0.0584967696062002,1
451.3,2,1,1,4,2,6,6,-0.0623,2.4315,1.896,0,0.16657611869842,1
621.586,2,1,2,4,3,6,6,-0.3381,1.6156,1.4864,0,0.104145733348519,1
606.319,1,1,1,5,2,6,6,-1.0546,0.4921,0.9702,0,0.123048188091055,1
614.54,1,1,1,5,4,6,6,1.1245,1.493,1.462,0,0.168279716691358,1
569.031,1,1,1,5,3,4,4,-0.3381,4.1183,1.8566,0,0.0965552104264679,1
512.044,1,1,1,4,2,4,5,-0.8616,2.0511,0.3488,0,0.0431453410802607,1
453.065,1,1,2,1,3,6,6,-0.3381,-0.2643,0.8369,0,0.0583304554260144,1
388.419,1,1,2,4,3,6,6,-0.8307,0.9403,1.2176,0,0.0870157882949781,1
425.56,1,1,1,4,4,6,6,0.5073,3.6473,2.1504,0,0.160122106413948,1
525.337,1,1,1,4,3,6,6,-0.3381,1.9285,0.9402,0,0.0928233128358326,1
520.476,1,1,1,3,4,4,6,0.7934,0.7893,0.9968,0,0.0798657081552119,1
645.956,1,1,1,6,3,6,6,-0.376,1.8923,1.6294,0,0.176077959259825,1
566.616,1,1,1,6,2,6,6,-1.0137,3.6547,1.8639,0,0.152568647995585,1
467.183,1,0.896020971,1.062847128,2.12587296,1.635797711,5.299937934,5.311642087,-1.689613508,1.502613602,0.749358214,0,0.0560513484419475,1
493.511,1,1,1,3,2,5,6,-0.5917,0.5884,0.551,0,0.0652259861666616,1
350.623,2,2,2,2,4,4,4,1.5611,-1.168,-0.9951,0,0.0139543708144807,1
541.586,1,1,1,5,4,6,6,0.6642,2.2019,1.7226,0,0.171855240974091,1
326.185,1,1,1,3,2,6,6,-0.2953,1.0218,1.4335,0,0.125940272085445,1
386.153,2,1,2,2,2,6,6,-0.9928,-0.82,0.364,0,0.0543334534311418,1
586.631,1,1,2,3,2,5,6,-0.9536,0.827,0.7214,0,0.0481173166245686,1
642.78,1,1,1,6,3,6,6,-0.5152,1.577,1.5756,0,0.176164219812607,1
584.296,1,1,1,5,3,6,6,-0.3381,1.6027,1.6677,0,0.167444494706096,1
552.836,1,1,1,4,2,6,6,-1.1407,0.7021,0.1382,0,0.0629960348092817,1
560.419,2,1,2,5,3,6,6,0.7555,1.5381,1.4373,0,0.125337859877914,1
576.708,2,0.898578744,2.137125989,3.388198768,9,4.408532604,4.844352986,3.423738451,0.994316674,0.258006365,0,0.0503892161202044,1
377.597,1,1,1,3,3,6,6,0.1313,1.6956,1.3299,0,0.111583600040843,1
347.335,2,1,1,1,9,4,4,5.151322532,-1.2835,-0.3766,0,0.0530062424788884,1
563.792,2,1,2,1,3,5,5,1.0676,-0.4649,0.2301,0,0.0414231218485214,1
390.141,2,1,1,5,4,4,4,2.5915,0.8781,0.3972,0,0.0846146236201584,1
611.608,2,1,1,6,4,4,4,2.5915,5.2563,1.9442,0,0.131918499138717,1
557.84,2,1,2,3,3,6,6,-0.3381,-0.4534,0.7054,0,0.0764431501119721,1
489.815,1,1,1,4,3,5,5,-1.0036,1.3741,0.534,0,0.0624070142423791,1
325.432,1,1,2,1,4,4,5,2.5915,-0.2447,-0.5775,0,0.0210728379772693,1
465.874,1,1,1,1,3,4,4,0.4972,-0.9693,-0.5297,0,0.0287401481914298,1
432.991,1,1,2,3,3,5,6,-0.5753,-0.5023,-0.0565,0,0.0366311256706605,1
632.238,2,1,2,4,4,3.80124726,4,1.0269,0.5931,0.5611,0,0.052129991841117,1
505.573,1,1,1,6,4,6,6,0.5423,1.2064,1.3154,0,0.172487509259522,1
499.057,2,1,1,3,3,4,4,-0.5064,-0.1038,-0.5629,0,0.031810759925206,1
540.228,2,1,2,3,4,6,6,1.0269,0.2559,0.7594,0,0.0796983751167422,1
435.497,2,1,1,5,4,6,6,2.5915,1.4384,1.3387,0,0.187690761180669,1
522.779,1,1,1.056109721,4,4,6,6,0.6642,2.1241,1.5907,0,0.141261776418729,1
494.571,1,1,1,4,3,6,6,-0.3381,0.3603,0.7978,0,0.106032923522846,1
568.058,2,1,2,5,3,6,6,-0.5152,1.07,1.3066,0,0.112145482218373,1
451.645,2,1,1,4,2,6,6,-0.9585,0.4952,0.8474,0,0.109669468395667,1
459.15,2,1,1,2,1,6,6,-2.032,-0.0388,0.7958,0,0.0824739431746552,1
440.192,1,1,1,4,3,1,5,-0.3381,1.1099,-0.0591,0,0.0241869415753834,1
534.871,1,1,1,3,3,6,6,-0.1985,1.0586,1.4264,0,0.12571359439083,1
645.432,1,1,1,4,4,6,6,2.5915,1.6345,1.2661,0,0.146945741694928,1
487.095,1,1,2,3,3,6,6,-0.3381,0.7581,1.0473,0,0.073853135189806,1
481.194,1,1,2,4,3,5,6,0.6897,1.1186,1.4278,0,0.093143967621419,1
435.377,2,1,1,3,4,6,6,-0.2387,0.5591,1.0362,0,0.114169824365317,1
504.05,2,1,1,5,4,6,6,0.9646,1.5063,1.219,0,0.154697695833929,1
435.746,2,1,1,5,2,6,6,-1.072,1.9972,0.5108,0,0.0809521424265568,1
539.07,1,1,1,5,4,6,6,2.5915,1.4003,1.3866,0,0.181484165030225,1
430.18,2,1,2,1,3,4,4,-0.5064,0.0912,-0.0987,0,0.0225049729623728,1
411.808,2,1,2,1,4,2,4,0.045,-0.4462,0.1585,0,0.0216707915358221,1
627.942,1,1,2,3,3,6,6,0.0248,1.5993,1.4184,0,0.0848735592124232,1
630.953,1,1,1,3,2,6,6,-0.8427,1.4313,1.2741,0,0.103756938076189,1
373.895,2,1,2,2,4,1,4,2.5915,-0.548,-0.8295,0,0.0137234489240167,1
681.437,2,1,2,3,3,4,4,-0.6334,-1.0614,-1.3694,0,0.0149198114348932,1
494.423,1,1,2,3,2,6,6,-0.1461,0.0832,0.9026,0,0.0755184384652395,1
480.194,2,1,1,6,4,6,6,0.6642,2.1125,1.8137,0,0.217044543618674,1
580.885,2,1,2,3,3,5,6,0.3791,-0.4252,0.1165,0,0.0473254742975277,1
546.931,2,1,1,3,4,6,6,2.5915,1.9317,1.6439,0,0.167188723374644,1
417.563,2,1,1,4,1,6,6,-3.1297,1.9149,1.3485,0,0.102810323868334,1
467.672,1,1,2,2,4,5,5,1.0269,-0.9913,0.016,0,0.0410013725647969,1
359.353,1,1,1,4,3,4,4,-0.3381,0.8518,-0.3564,1,0.0337356333329336,1
414.477,1,1,1,6,3,6,6,-0.3381,2.0433,1.3337,1,0.146463491963072,1
393.945,1,1,1,4,3,6,6,0.3645,0.715,0.4116,1,0.0842421502589543,1
499.437,1,1,1,5,3,6,6,-0.1515,0.8358,1.0552,1,0.132248359339193,1
370.727,1,1,1,3,4,6,6,0.6642,0.7902,1.0591,1,0.112046459424564,1
356.794,1,1,1,5,3,6,6,-0.3381,2.9683,1.8389,1,0.154377433468506,1
439.961,1,1,1,1,3,6,6,-0.4725,0.2704,0.8061,1,0.0738810278802392,1
488.522,1,1,1,3,3,4,4,-0.4157,1.5351,0.5146,1,0.0467260482609293,1
427.714,1,1,1,5,2,4,6,-0.8686,1.1742,1.0143,1,0.0856837784260422,1
504.268,1,1,1,4,3,6,6,-1.0036,0.9342,1.112,1,0.112308077754446,1
432.211,2,1,1,6,4,6,6,0.0398,2.02,1.4491,1,0.172386921593463,1
424.657,1,1,1,6,3,4,6,-0.3381,2.1665,0.883,1,0.0809791040972601,1
342.303,1,1,2,3,3,6,6,-0.3381,0.5012,0.8909,1,0.069496688077875,1
461.858,1,1,1,6,4,6,6,1.0594,1.5391,1.231,1,0.163613599526038,1
483.804,2,1,1,4,3,5,5,-0.3381,0.9154,0.758,1,0.0870748078927152,1
426.432,1,1,1,4,4,6,6,0.6642,1.8542,1.4501,1,0.137407387498023,1
461.386,2,1,2,1,3,4,4,-0.6925,0.5465,-0.5099,1,0.0157445033779759,1
555.509,2,1,2,2,4,6,6,0.6087,1.1513,1.1092,1,0.0743900442673283,1
564.79,2,1,1,1,3,5,5,0.0575,-0.2115,0.3025,1,0.054591527106287,1
502.69,2,1,1,4,2,6,6,-0.6292,0.4006,0.73,1,0.106231505422191,1
444.737,2,1,2,4,4,6,6,0.045,0.4307,0.8237,1,0.0846252686552526,1
519.456,2,1,2,2,3,4,4,0.1674,0.5715,0.4705,1,0.0366622464015572,1
510.973,2,1,1,3,3,6,6,-0.3381,0.2114,0.3711,1,0.079310169118266,1
508.393,2,1,1,1,3,6,6,-0.3381,-0.7582,0.8,1,0.0926544891005169,1
378.806,2,1,2,0.690343208,3,5.721302558,6,-0.3381,-0.3789,0.5262,1,0.0481852576693777,1
247.555,2,2,2,3,2,4,4,-0.983,-1.0174,-0.3614,1,0.0190532359955383,1
388.311,2,1,1,3,2,4,4,-1.2158,0.8129,0.3112,1,0.0460533500721638,1
449.208,2,1,2,2,4,6,6,2.5915,0.1834,0.7328,0,0.0793314467432754,1
431.311,2,1,1,2,4,6,6,0.7934,-0.6551,0.4246,0,0.0897107708456691,1
386.696,2,1,2,1,4,6,6,2.5915,1.1211,1.4907,0,0.0978647179130707,1
551.788,2,2,2,3,4,2,2,0.6642,-1.7358,-1.8383,0,0.00636819201703934,1
535.433,2,1,1,6,3,6,6,-0.3259,3.185,2.0012,0,0.196293205733793,1
606.343,1,1,2,4,4,6,6,0.7934,-0.3114,0.303,0,0.0671761289520605,1
495.634,2,1,2,3,3,6,6,-0.6925,0.385,0.5589,0,0.059994841821172,1
582.725,2,1,2,3,3,6,6,-0.3381,-0.0448,0.6283,0,0.0686798428079889,1
577.668,1,1,1,5,3,6,6,-0.3381,1.4952,1.2149,0,0.130978784264042,1
492.879,2,1,2,3,2,6,6,-1.072,0.9373,0.4933,0,0.0514281998100148,1
478.486,2,1,1,3,2,6,6,-0.6749,1.0769,1.2058,0,0.113745514901822,1
468.214,1,1,2,1,4,6,6,2.5915,0.3256,1.157,0,0.0830265707962472,1
407.217,1,1,1,4,4,6,6,1.5611,1.3063,1.1661,0,0.134117336141741,1
365.269,2,1,1,3,1,6,6,-3.1297,1.4788,1.2295,0,0.0899994864923359,1
275.554,2,1,2,2,4,4,6,0.3171,0.9276,1.027,1,0.0516226581136027,1
572.615,1,1,1,6,3,6,6,-0.5753,2.602,1.8903,1,0.183176572332016,1
512.324,2,1,1,3,4,6,6,0.6642,0.2247,1.1199,1,0.134504684662503,1
576.733,2,1,2,2,3,4,6,0.1052,0.1812,0.8973,1,0.0521188441148883,1
545.421,1,1,2,3,3,4,6,-0.9306,0.091,0.3476,1,0.0358412922640558,1
475.189,2,1,1,5,4,4,6,1.398,2.3771,1.353,1,0.114152460535189,1
406.503,2,1,1,3,4,6,6,2.5915,0.6667,1.2824,1,0.160736864735391,1
512.725,2,1,2,3,3,5,6,-0.3381,0.0735,0.4858,1,0.0524822835503551,1
494.367,2,1,2,3,2,6,6,-0.7281,0.0719,0.4852,1,0.0597627094675525,1
588.762,1,1,1,5,3,6,6,-0.3381,1.5792,1.659,1,0.167136361214803,1
442.829,1,1,1,1,4,6,6,1.5043,1.591,1.3947,1,0.10297268927054,1
465.779,1,1,1,3,3,6,6,-0.3381,0.4567,1.0399,1,0.107307259548787,1
511.737,2,1,2,1,4,4,6,2.5915,-0.1258,0.1026,1,0.0353460401454509,1
698.706,2,1,2,4,4,6,6,0.6642,0.5224,1.25,1,0.113647550617779,1
570.42,1,1,1,4,4,6,6,0.6642,1.0911,1.4383,1,0.151053794652729,1
314.141,2,1,1,4,4,4,6,2.5915,1.7684,1.6872,1,0.14680468272429,1
390.726,1,1,1,1,3,5,5,-0.3627,0.1461,0.4753,1,0.0518116702614106,1
543.998,1,1,1,3,3,4,6,-0.3381,0.869,1.0261,1,0.073406336165762,1
494.948,1,1,1,5,1,6,6,-0.8995,0.706,1.1315,1,0.132979178861227,1
436.592,1,1,1,4,3,6,6,-0.66,0.6969,1.2935,1,0.132595753933642,1
523.18,2,1,1,2,4,6,6,0.4906,-0.1207,0.4971,1,0.0848841231390811,1
601.025,2,1,1,3,3,6,6,0.2947,-0.2695,0.9383,1,0.125699155058626,1
517.75,2,1,1,5,4,6,6,0.2091,0.8647,1.2518,1,0.162151306528624,1
466.831,2,1,1,3,3,6,6,-0.3381,1.8712,1.477,1,0.123001661170426,1
492.08,1,1,1,5,4,6,6,0.412,2.4143,1.7593,1,0.16759000735669,1
457.062,1,1,1,2,3,6,6,0.2067,0.9957,1.2793,1,0.106380967784545,1
428.222,1,1,2,2,4,4,4,0.6642,0.7256,0.7337,1,0.0410394250228355,1
463.281,1,1,1,1,3,6,6,-0.3381,1.6008,1.295,1,0.0836277968112409,1
418.192,2,1,2,2,4,6,6,2.5915,0.5787,0.7334,1,0.0749871569820483,1
510.693,2,1,1,2,4,6,6,-0.378,0.1043,0.9104,1,0.0988627038848533,1
475.42,2,1,1,5,3,6,6,-0.3381,2.0869,1.2464,1,0.131975149388251,1
270.3,2,1.344012851,2.046123862,4,2,6,6,-0.6981,0.316,0.8848,1,0.0731543317789749,1
470.814,1,1,1,2,3,6,6,-0.4838,1.4244,1.4162,1,0.103138359262015,1
451.531,2,1.145796808,2,3,4,4.488420496,3.891416134,1.5611,0.3775,-0.596,1,0.0247047401294678,1
536.435,2,1,1,2,3,6,6,-0.8307,0.3971,0.894,1,0.0906299755418197,1
512.292,1,1,2,3,4,6,6,-0.0621,-0.0934,0.5484,1,0.0624549979989178,1
494.647,2,1,2,3,4,6,6,1.5043,0.6045,1.1149,1,0.0980240778253889,1
479.353,1,1,1,3,3,6,6,0.0248,1.2423,1.2873,1,0.114840295816117,1
413.36,2,2,2,1,4,6,6,1.5043,-0.5329,0.7382,1,0.0492903265095457,1
431.436,1,1,1,3,4,6,6,0.3171,1.0354,1.2112,1,0.115488005683661,1
319.818,2,1,2,3,2,4,4,-0.0744,0.8742,0.5817,1,0.0420065777166722,1
368.487,2,1,1,1,2,5,5,-0.5608,0.324,1.3053,1,0.0900525522334575,1
483.18,1,1,1,4,3,6,6,-0.4725,0.8709,1.2334,1,0.126817804183332,1
543.15,2,1,1,3,2,6,6,-0.8828,0.8434,-0.0578,1,0.0528218608137672,1
616.847,2,1,1,5,3,4,6,-0.3381,1.6721,1.6518,1,0.131302534081283,1
519.272,1,1,1,5,4,6,6,0.6642,1.6815,1.0974,1,0.12863819341234,1
550.584,1,1,1,4,3,6,6,0.2418,0.9222,1.3763,1,0.144458196741172,1
507.547,1,1,1,6,2,6,6,-0.8616,1.7043,1.5604,1,0.167591119666442,1
381.788,1,1,2,3,7,6,6,3.603936999,1.4937,1.359,1,0.110137634639244,1
579.002,1,1,1,5,3,6,6,-0.4953,2.6689,1.8529,1,0.159974005629629,1
437.887,1,1,2,3,3,6,6,-0.3381,-0.0639,0.9105,1,0.0763207935204227,1
392.344,1,1,1,2,2,5,5,-0.6981,1.0299,0.5108,1,0.0514274921651575,1
547.864,1,1,1,6,4,6,6,2.5915,3.6527,2.0491,1,0.218403234733878,1
437.669,1,1,1,6,2,6,6,-1.044,3.4024,2.0604,1,0.175724332422882,1
537.457,1,1,1,5,3,6,6,0.42,1.3817,1.3798,1,0.154801787007018,1
523.665,1,1,1,6,3,6,6,-0.3381,2.051,1.1918,1,0.134767161028518,1
378.028,1,1,1,4,3,6,6,-0.3381,1.7674,1.3769,1,0.123438240133183,1
568.735,1,1,2,5,4,6,6,0.329,2.1953,1.7408,1,0.123787861928172,1
405.246,1,1,1,5,4,6,6,1.398,1.1001,1.049,1,0.142910935588552,1
434.906,1,1,1,4,1,6,6,-1.407,0.6622,0.2888,1,0.0681704977734577,1
573.038,1,1,1,4,3,6,6,-0.082,0.4146,0.9004,1,0.114166985430897,1
429.338,1,1,1,3,4,4,4,0.1885,0.5756,-0.3546,1,0.0323067625888805,1
445.043,1,1,2,1,3,5,6,-0.4725,0.5447,0.9482,1,0.0467194823750045,1
513.746,1,1,1,5,3,5,5,-0.5021,2.2663,1.2545,1,0.101187517486614,1
525.143,1,1,1,5,3,6,6,-0.3381,2.6212,1.546,1,0.136561277854988,1
396.168,1,1,1,4,4,6,6,0.4451,2.4707,1.4907,1,0.127355832277854,1
426.637,2,1,1,3,3,6,6,-0.3381,1.7938,1.18,1,0.104101669537514,1
629.254,2,1,2,4,3,6,6,-0.1144,1.3921,1.1977,1,0.0917603612585357,1
523.428,2,1,1,3,2,6,6,-1.072,1.6071,1.008,1,0.0908426811378464,1
437.398,2,1,2,3,7,6,6,3.135717054,1.9647,1.6561,1,0.127451959873926,1
457.949,2,1,2,2,4,6,6,0.9646,0.7205,0.2276,1,0.0466484305085298,1
489.808,2,1,1,1,4,6,6,-0.0644,1.5479,1.2549,1,0.0903362973276655,1
497.633,2,1,1,4,7,6,6,3.325330146,3.0439,2.0527,1,0.213466534492871,1
420.179,2,1,1,2,3,6,6,-0.3381,0.7132,1.0721,1,0.100463807797677,1
420.963,2,1,2,2,2,6,6,-1.1407,0.7999,0.7114,1,0.0527882725850052,1
425.905,2,1,2,1,3,6,6,-0.3381,0.379,0.1228,1,0.0361464093742617,1
462.513,2,1,2,3,2,6,6,-1.0137,0.7969,1.2269,1,0.0836760659995427,1
574.694,2,1,1,6,2,6,6,-0.9585,1.0957,1.3367,1,0.169665103842729,1
387.094,2,1,1,4,7,6,6,2.978981971,0.7211,0.9511,1,0.152401777537571,1
387.141,2,1,2,3,3,6,6,-0.7346,0.9114,1.145,1,0.0800206202501607,1
425.482,2,1,2,1,3,6,6,-0.3381,0.7919,0.4689,1,0.0425231391244896,1
543.873,2,1,2,4,4,4,6,2.5915,0.3905,1.0775,1,0.0890525078683896,1
467.399,1,1,2,3,3,6,6,-0.3381,-0.045,0.6489,0,0.064605046132884,1
322.447,2,1,2,2,2,6,6,-0.5917,0.2121,0.9087,0,0.0681778841549925,1
526.412,2,1,2,3,4,6,6,1.5611,1.6681,1.1958,0,0.0890591784714603,1
608.129,2,1,2,3,4,6,6,0.6642,0.4455,0.8291,0,0.0786686971944914,1
514.213,2,1,1,3,4,6,6,0.5423,1.3203,1.2333,0,0.122801961362664,1
368.07,1,1,1,5,4,6,6,-0.0251,2.1769,1.3414,0,0.131734912070121,1
467.514,1,1,1,3,3,6,6,-0.3381,1.99,1.81,0,0.137315305217362,1
476.61,1,1,1.927620393,5,3,6,6,0.3791,0.4448,0.6429,0,0.083634772625347,1
630.056,1,1,1,3,3,6,6,-0.1613,2.6171,1.7925,0,0.126574178498868,1
479.928,1,1,1,3,3,6,6,-0.3381,1.1762,1.201,0,0.106998423459011,1
502.149,2,1,1,4,2,6,6,-0.0744,1.2969,1.39,0,0.144813206084174,1
530.995,1,1,2,3,1,6,6,-1.4215,0.0024,0.5836,0,0.0563297409769159,1
380.32,2,2,1,6,4,6,6,-0.378,0.2298,0.8143,0,0.104497436298486,1
442.24,2,1,2,1,4,4,4,-0.378,-1.3745,-1.1952,0,0.0137708543961248,1
368.315,1,1,1,6,4,6,6,0.6642,0.4172,1.0873,0,0.169585808113307,1
403.197,2,1,2,1,4,6,6,0.3171,-0.0425,0.5671,0,0.0541026800786804,1
627.797,1,1,1,5,3,6,6,-0.7577,0.8064,1.2717,0,0.143858123048498,1
516.063,1,1,2,4,4,6,6,2.5915,0.4114,0.9819,0,0.106328921004128,1
570.926,1,1,1,4,3,6,6,-0.3381,1.6454,1.642,0,0.146461442160842,1
548.979,1,1,2,3,2,4,4,-1.2871,0.6056,0.0697,0,0.0261964142158207,1
490.228,2,1,2,3,4,6,6,1.0269,0.6389,0.6522,0,0.0705531089595677,1
587.244,2,1,1,5,3,6,6,-0.1862,2.018,1.6963,0,0.174161661128734,1
515.033,1,1,1,4,3,6,6,1.0676,1.615,1.4862,0,0.149274503048663,1
360.841,1,1,2,1,4,5,5,1.5043,-0.8515,-0.0773,0,0.0345537054058876,1
523.536,1,1,1,4,2,5,6,-0.5917,2.3227,1.6016,0,0.110168212029268,1
656.842,1,1,2,6,3,4,6,-0.5064,-0.4134,0.7201,0,0.0743828997706116,1
607.602,1,1,2,5,2,6,6,-0.8616,-0.3281,0.5448,0,0.07763929776459,1
414.159,1,1,2,4,3,6,6,-0.4725,1.3205,0.2828,0,0.0470420608434475,1
592.811,1,1,2,3,2,6,6,-1.072,0.1498,0.7204,0,0.0618747598639432,1
418.932,1,1,1,4,2,6,6,-0.7309,1.4286,1.459,0,0.131639175219964,1
653.654,1,1,2,3,1,5,5,-1.3612,-0.2572,0.0998,0,0.0361464691088978,1
513.637,2,2,1,6,4,4,6,0.2774,0.7603,1.0068,0,0.0841435683028366,1
431.518,2,1,1,3,3,5,5,-0.3381,-0.2768,-0.5067,0,0.0410182029643031,1
622.006,2,1,1,4,3,6,6,0.0248,2.688,1.6946,0,0.144538202934262,1
514.122,1,1,1,5,3,4,6,-0.4725,2.0224,0.7887,0,0.0680631375831546,1
417.457,1,1,1,3,3,6,6,0.2067,0.6456,1.0473,0,0.109545350917564,1
584.444,1,1,1,4,3,6,6,0.0248,0.5773,0.5883,0,0.0931985426120949,1
520.432,1,1,2,4,4,5,5,0.6642,0.325,0.1691,0,0.046724404720679,1
504.831,1,1,1,4,4,6,6,2.5915,0.8216,1.0087,0,0.141131469186632,1
450.972,1,1,1,5,3,6,6,0.2552,1.496,1.5251,0,0.163607254183176,1
678.849,1,1,1,5,3,6,6,0.2947,2.1309,1.5105,0,0.149734085382963,1
493.184,1,1,1,5,1,4,6,-1.2259,1.3656,1.2499,0,0.0936699383369336,1
464.947,1,1,1,4,3,6,6,0.0622,2.1036,1.1698,0,0.107437981962187,1
506.532,1,1,2,3,4,6,6,2.5915,0.8128,1.0054,0,0.0902848405528144,1
490.284,2,1,1,4,2,6,6,-1.0597,1.0755,1.0813,0,0.115528022638478,1
521.668,2,1,2,4,3,6,6,-0.7089,0.4804,1.1726,0,0.0980198773736204,1
581.888,1,1,1,6,4,5,5,1.5043,3.185,1.7987,0,0.161076440447358,1
510.844,1,1,2,5,3,5,5,-0.0099,0.8656,0.4297,0,0.054786030384811,1
291.703,1,1,1,4,3,4,4,0.1313,1.862,0.5108,0,0.0528286122949952,1
514.737,2,1,1,5,4,4,6,0.6642,0.6022,0.7421,0,0.0954404417831693,1
622.351,1,1,2,5,3,4,6,-0.5064,0.7711,0.5975,0,0.0510397512270347,1
461.297,2,1,2,5,2,6,6,-1.0536,0.1332,0.7143,0,0.0855198402329433,1
404.348,1,1,1,4,4,5,5,0.2493,0.5552,0.2754,0,0.0661497461776717,1
566.722,1,1,2,4,3,6,6,-0.3381,1.0849,1.1054,0,0.0827347950608282,1
680.183,2,1,1,5,3,6,6,-0.8444,-0.1032,0.4415,0,0.10622127387419,1
620.22,2,1,2,4,4,6,6,-0.3182,0.7698,0.9483,0,0.0845946661213973,1
615.313,1,1,2,3,4,5,5,0.9357,1.211,0.536,0,0.0466561536183285,1
578.767,1,1,1,5,2,6,6,-1.2158,1.1662,0.7014,0,0.0941602278018068,1
434.431,1,1,2,3,4,6,6,0.6642,1.0443,1.3178,0,0.0908181467993829,1
520.239,2,1,1,4,3,5,5,-0.3381,2.688,1.7401,0,0.123098724252743,1
321.516,2,1,1,1,4,6,6,2.5915,1.7218,1.2402,0,0.107665929072163,1
577.183,1,1,2,3,4,4,4,1.5043,-0.0572,0.2807,0,0.0420114533117241,1
482.521,1,1,1,5,3,4,4,-0.3381,0.7707,-0.4069,0,0.0376337393881552,1
461.868,2,1,2,1,3,4,6,0.0406,-0.1532,0.8571,0,0.0466953691846755,1
529.822,2,1,2,5,3,6,6,-0.3381,-0.369,0.6744,0,0.094828971353094,1
384.967,2,1,2,3,3,6,6,-0.3381,-0.2103,0.6088,0,0.0694885919662948,1
574.717,2,1,1,3,3,6,6,-0.119,1.8115,1.6824,0,0.142158323928125,1
543.348,2,1,1,4,1,6,6,-1.8282,1.1275,1.431,0,0.132976808591771,1
535.232,2,1,1,4,9,6,6,4.316096562,3.6473,2.4414,0,0.259317605655231,1
633.172,1,1,1,3,3,6,6,-0.5064,0.2454,0.7556,0,0.0917868712168777,1
473.406,1,1,1,5,2,6,6,-1.0536,0.3878,0.5806,0,0.0988406533786757,1
505.893,1,0.777271034,1.582678568,6.589906547,2.689430205,3.320447138,5.059028322,0.268633388,1.076558908,0.86712188,0,0.0836567177314022,1
417.003,2,1,2,5,7,6,6,3.584906528,2.0483,1.6868,0,0.166984505619986,1
448.304,1,1,1,5,4,6,6,1.0269,2.7632,1.7015,0,0.162146003508228,1
514.919,2,1,2,3,4,6,6,1.5043,0.5814,1.003,0,0.091853885936419,1
471.867,1,1,2,5,4,6,6,0.1643,0.9062,1.1224,0,0.100843838388663,1
482.32,1,1,1,5,4,4,4,0.8589,0.1728,-0.3166,0,0.0481856078055581,1
405.816,1,1,2,6,3,4,6,-0.3381,0.4677,0.9819,0,0.078202564465061,1
474.912,2,1,2,4,4,6,6,1.5043,1.3217,0.7792,0,0.0814903110480612,1
518.666,2,1,1,3,3,6,6,0.0248,2.4776,1.7206,0,0.134388624385422,1
542.896,2,1,2,3,4,6,6,0.3171,-0.183,0.7015,0,0.0773303900393712,1
597.207,2,1,2,3,1,6,6,-1.0819,-1.1999,-0.0649,0,0.0492780411881335,1
516.968,1,1,1,3,3,6,6,-0.2541,0.6498,0.6976,0,0.0853376578368843,1
446.259,1,1,1,3,3,6,6,-0.4725,-0.1258,0.8258,0,0.101191688918299,1
596.414,1,1,2,5,3,6,6,-0.5064,2.1948,1.3893,0,0.0939151082584848,1
550.588,2,1,1,4,4,6,6,0.1985,2.2438,1.5933,0,0.14651568621537,1
574.432,2,1,1,4,2,5,5,-0.8616,1.6931,0.5066,0,0.0638136054341423,1
591.383,1,1,1,5,3,6,6,-0.3381,0.9294,1.2343,0,0.142909607635784,1
502.002,1,1,1,5,2,5,6,-1.5735,0.6287,1.0204,0,0.102631426830418,1
600.789,1,1,1,5,2,6,6,-0.8883,2.5543,1.7281,0,0.146914641357506,1
403.047,2,1,2,1,4,2,4,-0.2015,0.4431,0.258,0,0.0197914451911273,1
420.435,1,1,1,1,3,6,6,-0.231,0.2699,0.7646,0,0.073415143993359,1
418.619,1,1,2,1,4,4,5,-0.3182,-0.4093,-0.1214,0,0.0227700177641321,1
584.122,2,1,2,3,3,6,6,-0.3381,0.7261,0.9736,0,0.0762649941097176,1
496.405,2,1,2,2,3,5,5,-0.3381,-0.3796,-0.1518,0,0.0322936611252732,1
404.696,2,1,2,1,3,2,4,-0.3381,-0.4769,-0.8653,0,0.0106807628297883,1
596.22,2,1,2,3,3,5,5,-0.4157,-0.182,0.1274,0,0.0425119492455226,1
628.629,1,1,1,4,1,6,6,-0.8982,1.6015,1.4812,0,0.128639582694029,1
479.678,1,1,1,5,3,5.217986581,5.443445607,-0.3381,0.5058,0.281030382,0,0.0752066272744384,1
563.836,1,1,1,5,2,6,6,-0.6485,0.8763,1.3594,0,0.151121003481752,1
611.239,1,1,1,5,4,6,6,0.9646,1.4677,1.3288,0,0.154770898536614,1
598.352,1,1,1,5,4,6,6,0.6642,1.2739,1.0509,0,0.1322678922644,1
661.794,2,1,1,3,2,6,6,-0.5917,-0.4397,0.7518,0,0.107541606144732,1
470.228,2,1,2,2,3,4,4,-0.3381,-0.5533,-0.1082,0,0.0285259150370558,1
447.969,2,1,2,1,3,0,4,-0.3381,0.0649,-0.2736,0,0.0103789180187228,1
434.835,1,1,1,2,3,4,4,-0.3381,0.1032,-0.7348,0,0.0226820090816071,1
573.861,2,1,1,3,3,6,6,-0.3381,0.9202,1.1482,0,0.115256801549008,1
330.718,1,1,2,4,3,6,6,-0.3381,1.1967,1.3118,0,0.0924554815680222,1
483.59,1,1,2,4,3,6,6,-0.1862,1.9705,1.3482,0,0.0857646778255114,1
552.605,2,1,2,4,3,6,6,0.7555,0.9877,0.1605,0,0.0545426499846666,1
553.211,2,1,1,4,3,6,6,-0.3381,1.5104,1.4891,0,0.146132737427818,1
391.704,1,1,1,3,4,2,2,-0.2015,1.3486,-0.9735,0,0.0128742317543741,1
409.728,1,1,1,1,3,6,6,-0.7862,0.5271,0.3632,0,0.0524351938819962,1
492.512,2,1,1,3,3,4,4,-0.3381,-0.0851,-0.2048,0,0.040602040811191,1
411.04,2,1,2,6,2,5,5,-0.7989,-0.0999,-0.7723,0,0.0334835291926138,1
405.545,2,1,2,2,3,2,2,-0.4725,-0.827,-1.6903,0,0.00715912284288611,1
436.179,1,1,1,6,1,6,6,-1.4894,0.5467,0.8663,0,0.12504570695544,1
564.082,2,1,2,3,3,6,6,-0.4838,-0.206,0.755,1,0.0752012013959787,1
485.115,2,1,1,5,3,6,6,-0.6334,1.8545,1.7189,1,0.174396737739052,1
528.72,2,1,1,3,3,6,6,0.2947,0.8903,1.0339,1,0.113514791442254,1
455.869,2,1,2,1,3,0,2,-0.4725,-0.7549,-1.7019,1,0.00436564229651948,1
683.922,2,1,2,3,3,5,5,-0.3381,0.0687,0.5708,1,0.0547918271373763,1
353.662,2,1,1,3,4,6,6,-0.378,1.462,1.2233,1,0.111531415802434,1
458.306,2,1,2,1,3,4,4,-0.6837,-0.992,-1.3439,1,0.0114566272602666,1
603.871,2,1,2,3,3,5,5,-0.3381,-0.1728,0.0895,1,0.0416970371382748,1
433.091,2,1,2,2,1,2,5,-1.9325,0.2833,-0.3008,1,0.0139538266269866,1
493.174,2,1,2,1,3,5,5,-0.3381,-0.5904,-0.6219,1,0.0214788767326903,1
517.872,2,1,2,2,4,4,6,2.5915,0.9767,1.0243,1,0.061695832836059,1
454.401,2,1,2,5,3,4,4,-0.3381,0.7234,-0.2589,1,0.0315689094286662,1
474.912,2,1,2,3,3,6,6,0.2947,0.1425,0.8831,1,0.0824646520952237,1
507.916,2,1,1,3,4,6,6,1.5611,1.2304,1.2002,1,0.131743041607858,1
611.26,2,1,1,6,3,4,4,-0.3381,1.3164,0.1275,1,0.0599828277043574,1
560.43,2,1,2,2,4,2,2,2.5915,0.1631,-1.4091,1,0.00966762795530374,1
599.475,2,1,1,4,4,6,6,1.398,0.7698,1.0929,1,0.146067766913396,1
588.068,2,1,2,5,4,6,6,1.0269,0.9448,1.2812,1,0.12651110928917,1
506.051,2,1,2,3,3,6,6,-0.3381,0.4795,1.0069,1,0.080657633961906,1
429.451,1,1,2,2,4,4,4,1.5611,-1.1059,-0.4973,1,0.026130593971468,1
638.687,1,1,2,1.04627787,3,6,6,-0.1985,-0.0335,0.6531,1,0.0510348789783899,1
516.468,1,1,1,4,4,4,4,0.7831,0.0885,-0.9675,1,0.0279129582197263,1
387.159,1,1,2,3,4,2,2,2.5915,0.1356,-1.068,1,0.0128725454364637,1
686.64,1,1,2,4,3,4,6,-0.7817,1.0634,0.8082,1,0.0481077471779048,1
560.484,1,1,1,3,2,0,2,-0.7768,0.6816,-1.1359,1,0.00867030955901382,1
460.593,1,1,1,3,3,4,4,-0.3381,-0.3812,-0.2723,1,0.0376366565061617,1
523.076,1,1,2,3,3,5,5,-1.0036,-0.5154,-0.4987,1,0.0262002553175449,1
659.515,1,1,2,5,2,4,4,-0.6178,0.1952,-0.7423,1,0.0225089122837106,1
602.034,1,1,1,6,4,4,5,0.9357,2.3534,1.5758,1,0.130944363374742,1
591.59,1,1,1,2,4,5,5,1.0269,-0.2819,0.194,1,0.0587457927992821,1
461.654,1,1,2,3,3,6,6,-0.3381,0.223,1.016,1,0.0782117154726346,1
419.598,1,1,2,3,2,4,4,-0.9585,0.0972,0.0482,1,0.0286812600836841,1
638.539,1,1,2,2,3,6,6,0.5643,-0.508,0.3134,1,0.0530020497506755,1
568.956,1,1,2,1,4,4,4,0.5423,-0.7602,-0.3702,1,0.0216700956215854,1
416.375,1,1,2,6,3,6,6,-0.8913,0.6426,1.1702,1,0.111852773603287,1
453.399,1,1,1,3,2,1,1,-0.7244,0.1107,-1.7941,1,0.00717307303944481,1
506.89,1,1,1,4,2,6,6,-1.3839,-0.0212,0.4096,1,0.0812485427689998,1
428.343,1,1,1,2,1,1,1,-2.032,-0.1582,-1.6656,1,0.00636406549990619,1
607.776,2,1,1,3,2,5,6,-0.7244,0.7573,0.7784,0,0.0781642107898284,1
385.002,1,1,1,3,2,5,5,-1.0137,0.7045,-0.146,0,0.0391803979015811,1
487.623,2,1,2,3,4,6,6,0.3171,0.9023,0.8317,0,0.0717519178008336,1
346.721,2,1,2,1.973689396,1,2,2,-1.1955,-1.539,-1.3054,0,0.00967273784836086,1
679.436,2,1,1,5,3,6,6,-0.5064,1.3283,1.2362,0,0.143407149487649,1
355.181,2,2,1,6,4,6,6,2.5915,-0.2805,0.583,0,0.122840135327135,1
370.102,2,1,1,1,2,2,2,-0.5917,1.2104,0.0709,1,0.0210743606583038,1
419.125,1,1,1,3,3,6,6,-0.3381,1.3246,1.2348,1,0.106971673176442,1
530.819,1,1,1,3,3,6,6,-0.5064,0.9627,1.1845,1,0.107705332029215,1
435.731,2,1,1,6,2,4,4,-0.983,1.5331,-0.4035,1,0.0391783977507481,1
410.407,1,1,2,3,3,4,4,0.0248,-0.3168,-0.4346,1,0.0241808360608004,1
401.747,2,1,1,3,4,6,6,2.5915,1.3519,1.1002,1,0.132154772703171,1
494.859,1,1,1,4,3,6,6,-0.5152,2.2426,1.5309,1,0.125016094909093,1
457.978,2,1,2,3,2,6,6,-0.883,0.6475,1.0687,1,0.0783176548197602,1
530.982,2,1,1,2,4,6,6,2.5915,-0.1352,0.0991,1,0.0786730666636026,1
388.007,1,1,1,3,3,6,6,0.0248,1.0641,1.0771,1,0.103752409442321,1
435.986,1,1,1,6,2,6,6,-1.5251,0.7213,0.9718,1,0.12958517490803,1
453.211,1,1,1,5,3,6,6,0.2947,0.8716,0.5518,1,0.100909290367722,1
524.92,2,1,2,5,2,6,6,-0.5917,1.0002,0.7437,1,0.0798611982943843,1
455.763,1,1,1,4,3,6,6,-0.3381,2.2425,1.7168,1,0.141243225470622,1
395.694,1,1,1,1,2,2,6,-1.0597,0.7234,0.9797,1,0.0384079485058922,1
561.243,2,1,1,6,3,4,4,-0.4494,2.3015,0.8583,1,0.0815052056514494,1
370.08,2,1,1,3,3,5,5,-0.3381,0.3696,0.1648,0,0.0573397377387586,1
515.767,2,1,2,6,4,6,6,2.5915,0.9627,0.6679,0,0.111350529004435,1
362.628,2,1,2,3,3,6,6,-0.8024,0.6811,0.957,0,0.0731753932847989,1
429.525,2,1,2,1,4,6,6,1.5611,-0.683,0.4144,0,0.0597414067621996,1
407.176,2,1,2,2,3,5,5,0.3334,0.0798,-0.0657,0,0.0337368583748213,1
597.966,1,1,1,6,3,6,6,0.1802,1.6506,1.024,1,0.134107688539488,1
524.376,1,1,1,5,3,4,6,-0.3381,0.9559,1.1613,1,0.100811743725631,1
464.091,1,1,1,2,3,6,6,-0.1985,1.6415,1.3513,1,0.0983738157266678,1
381.179,1,2,2,1,4,6,6,1.5611,-4.8535,-2.5173,1,0.0103868411331542,1
481.212,1,1,2,4,1,6,6,-0.9921,-0.1252,0.764,1,0.0755183755692431,1
603.439,1,1,1,5,3,6,6,-0.3381,2.6919,2.0679,1,0.181923025200423,1
453.018,1,1,1,3,3,5,6,-0.3381,0.2277,0.6871,1,0.0763826936397084,1
373.752,1,1,1,4,4,6,6,0.4574,1.2745,1.4024,1,0.142205049848797,1
405.805,1,1,2,4,1,4,6,-0.9873,1.7847,1.0733,1,0.0503854715498221,1
453.333,1,1,1.464966395,3,1,6,6,-1.4215,0.5193,0.3471,1,0.054110794558815,1
652.666,1,1,1,5,3,6,6,-0.66,0.8371,1.1177,1,0.131969692698429,1
333.373,1,1,1,3,3,3.855545785,3.944250385,0.3645,-0.0016,-0.279546974,1,0.0366318103091613,1
510.206,2,1,2,5,3,6,6,-0.3381,1.1155,1.4473,1,0.122840558069272,1
602.446,2,1,1,5,4,6,6,0.7279,2.9294,1.7213,1,0.167777031015142,1
566.556,2,1,2,6,3,6,6,-0.3381,0.4151,-0.2359,1,0.0543400020919544,1
556.184,2,1,1,4,4,5,6,0.7701,1.6635,0.7395,1,0.0855347100305728,1
497.181,2,1,2,5,4,4,6,2.5915,1.437,1.4621,1,0.109697005946147,1
503.923,2,1,2,3,3,6,6,-0.4838,0.3191,0.9273,1,0.0776381666663391,1
564.348,2,1,1,4,4,6,6,0.7701,0.9292,1.1515,1,0.141143634510038,1
452.975,2,1,1,3,4,6,6,1.5611,2.0573,1.2768,1,0.12319610908392,1
560.662,2,1,1,4,4,6,6,2.5915,1.1637,1.3617,1,0.176285688464928,1
463.633,2,1,1,6,3,6,6,-0.082,0.1251,1.0213,1,0.171746447400996,1
513.042,2,1,2,1,3,5,5,-0.8021,-1.2412,-0.0346,1,0.0334892867755612,1
503.559,2,1,2,2,3,6,6,0.2947,0.4379,0.599,1,0.0583302080556353,1
535.965,2,1,2,3,3,6,6,0.4801,1.2674,1.2551,1,0.0897060430044229,1
370.227,2,1,1,2,4,4,4,0.6642,-0.0405,0.4522,0,0.0587457509310909,1
445.33,2,1,2,3,3,6,6,0.7555,0.0767,0.9622,0,0.0906611364937208,1
436.474,1,1,1,2,4,4,4,0.5531,0.4645,-0.85,0,0.0214720588796343,1
505.366,1,1,1,2,4,5,5,0.6642,0.4931,0.5615,0,0.0642619314490378,1
458.705,1,2,1,4,3,4,5,-0.4725,-0.9276,0.1427,0,0.0417074053991864,1
471.817,2,1,2,3,3,4,4,-0.4725,0.5168,0.3057,0,0.0358389037464515,1
471.337,2,1,1,2,4,6,6,1.0269,2.4292,1.7648,0,0.13321773066711,1
543.789,1,1,2,3,3,4,4,-0.66,-1.6964,-1.3135,0,0.0157437652334534,1
462.737,1,1,1,4,2,5,6,-0.6467,2.0454,1.5824,0,0.112678389050261,1
512.596,2,1,1,3,4,4,4,0.7701,0.2905,-0.0667,0,0.0460399062967249,1
536.943,2,1,1,6,4,6,6,0.6642,1.3808,1.3175,0,0.181873067475518,1
534.713,2,1,2,2,1,4,5,-1.7548,0.4585,0.1562,0,0.0261331710535622,1
508.043,2,1,2,5,2,5,5,-1.0536,0.5358,0.5772,0,0.0624501558304065,1
486.867,1,1,2,3,3,4,6,-0.66,0.2435,0.3829,0,0.0366692465014935,1
419.395,1,1,2,2,3,5,5,-0.4725,0.139,0.0387,0,0.0309657639671924,1
463.463,2,1,1,5,4,5,6,0.5423,0.6371,1.0442,0,0.131291015906738,1
468.761,2,1,1.941120738,5,4,6,6,1.398,2.1766,1.5893,0,0.134486805856978,1
507.508,1,1,1,4,3,4,4,-0.3381,0.9769,-0.0418,1,0.0406100818243496,1
424.577,1,1,1,5,3,6,6,-0.8021,0.4018,0.4411,1,0.0924202389475578,1
416.918,1,1.340529179,2.12714353,1.871399178,4.655143282,3.978614255,5.594086327,0.79572755,0.329048913,0.502856818,1,0.0318101705551698,1
502.058,1,1,2,3,3,6,6,-0.3381,-0.0409,0.6504,1,0.0646276431024447,1
457.046,1,1,1,3,4,6,6,2.5915,1.7829,1.5272,1,0.149228959012212,1
588.651,1,1,2,4,2,4,6,-0.4698,0.9986,1.3837,1,0.0717679948890571,1
514.44,1,2,2,1,3,6,6,-0.3381,-0.1295,0.6385,1,0.0345724113348394,1
539.116,2,1,2,3,4,2.650171218,2,1.0269,-0.2146,-1.1553,1,0.0135269188603879,1
559.831,1,1,2,2,2,4,4,0.0048,-0.8568,-1.0876,1,0.0149130397382524,1
515.662,1,1,2,3,3,6,6,0.0248,-0.788,0.3758,1,0.0624074340120853,1
524.882,1,1,2,3,3,4,4,-0.082,0.9259,0.0841,1,0.0279078787895403,1
513.679,1,1,1,3,1,6,6,-0.1314,0.357,0.8379,1,0.0978652364873038,1
468.739,2,1,2,3,3,6,6,-0.5064,-0.2265,0.3549,1,0.058532140324499,1
612.282,1,1,1,3,3,6,6,0.3645,-0.6372,0.4726,1,0.0936693485316377,1
527.816,2,1,2,2,2,4,4,-0.8144,-0.8555,-0.4259,1,0.0232774758095321,1
381.14,2,1,1,4,3,6,6,-0.8307,1.7276,1.5689,1,0.143294218686773,1
506.065,2,1,1,2.952181619,4,4,4,0.6642,0.5513,0.0498,1,0.0470297136112152,1
444.214,2,1.072195741,0.990229655,2.52209594,4,6,6,0.9357,0.347,0.6483,1,0.094138865897673,1
516.471,2,1,2,6,3,5,6,0.1313,-0.344,0.7043,1,0.0965807001912692,1
469.017,2,1,2,1,4,6,6,1.398,0.4754,-0.3171,1,0.0309661000655853,1
386.812,2,1,2,2,2,5,5,-0.983,-0.3855,-0.3104,1,0.0275909327236075,1
448.849,2,1,2,3,4,4,4,0.6642,-0.2745,-0.3725,1,0.0285476256972374,1
401.239,2,1,2.095593404,2,4,5,5,1.5043,-0.1046,0.0939,1,0.0410236198908269,1
489.078,2,1,1,3.801579398,3,4,4,-0.2687,1.5712,0.7139,1,0.063772095599522,1
620.021,2,1,1,6,4,6,6,2.5915,1.9344,1.3143,1,0.194068654706261,1
415.099,2,1,1,4,3,6,6,-0.3381,-0.0184,-0.2506,1,0.062958479094461,1
399.489,2,1,1,4,4,6,6,1.5611,0.9672,0.9382,1,0.131644113979615,1
497.9,2,1,2,4,4,4,4,0.6642,1.578,0.4891,1,0.0431257788422256,1
502.879,2,1,1,3,2,4,4,-1.0536,1.4883,0.7867,1,0.0572633058870951,1
456.207,2,1,1,4,4,6,6,-0.7523,2.9929,1.4347,1,0.112202790501776,1
416.447,2,1,1,3,4,6,6,1.0269,0.6438,0.902,0,0.114857081779179,1
508.897,1,1,2,4,3,4,6,0.1313,1.9243,1.6412,0,0.0774356567957746,1
476.223,1,1,1,2,4,6,6,2.5915,0.7127,0.9686,0,0.110496992918855,1
433.597,2,1,2,2,3,6,6,-0.3381,-0.1765,0.6419,0,0.0622492502139536,1
532.897,1,1,1,6,3,6,6,-0.7817,0.414,0.8382,0,0.132149990734459,1
401.513,1,2,2,1,3,2,2,-0.3381,-1.6459,-1.7227,0,0.00439614022645916,1
425.228,1,1,1,4,2,6,6,-0.8956,1.3145,1.0658,1,0.104499881315324,1
554.628,1,1,1,5,3,6,6,-0.1862,4.187,2.5347,1,0.196575555364574,1
486.582,1,1,1,5,3,6,6,-0.3381,0.7898,1.2243,1,0.144751044737716,1
511.27,1,1,2,3,4,6,6,2.5915,-0.7781,0.5034,1,0.0830746329656192,1
592.632,1,1,1,4,3,6,6,-0.7104,0.2265,0.9139,1,0.112510664912755,1
550.252,1,1,1,1,3,6,6,-0.3381,0.9339,1.1739,1,0.0853303806031379,1
369.297,1,1,1,2,3,6,6,0.5643,0.1044,0.8484,1,0.0954372989942595,1
440.202,1,1,2,3,3,6,6,-0.3011,0.5576,1.1183,1,0.079679112738942,1
527.067,1,1,1,5,3,6,6,-0.4725,1.4975,1.4637,1,0.149730032386396,1
591.768,1,1,1,5,3,6,6,-0.5753,0.7273,1.098,1,0.133254867969122,1
519.543,1,1,1,4,3,6,6,-0.3381,1.3852,1.4224,1,0.13351800125751,1
532.753,1,1,1,6,4,6,6,2.5915,5.2563,2.969,1,0.288192706118418,1
584.986,1,1,1,3,1,6,6,-1.4215,0.8863,0.4952,1,0.0661780983413464,1
603.999,1,1,2,3,3,6,6,0.1674,-0.2104,0.5054,1,0.062996913819556,1
491.214,1,1,2,3,4,6,6,-0.0621,0.422,0.8618,1,0.0705888916313418,1
514.234,1,1,2,1,3,4,4,-0.3381,0.2109,-0.7159,1,0.0137805708811593,1
378.57,1,1,2,3,2,6,6,-0.7244,0.4545,1.1011,1,0.0773286703775626,1
565.49,1,1,1,6,3,6,6,-0.0221,2.8688,1.9883,1,0.19432821780586,1
525.454,1,1,2,2,4,6,6,2.5915,0.8217,1.236,1,0.0918758939002779,1
580.519,1,1,1,5,1,6,6,-1.0979,1.361,1.3309,1,0.134753623345918,1
625.298,2,1,1,5,4,6,6,1.5043,-0.0062,0.9317,1,0.166623971488786,1
467.846,1,1,1,5,4,6,6,1.0269,1.4823,1.2515,1,0.148476912531515,1
617.936,2,1,2,4,3,6,6,0.0248,0.9412,1.2593,1,0.102606100895369,1
501.459,2,1,2,1,9,6,6,5.032750553,-0.47,0.534,1,0.0827311130840185,1
487.049,2,1,1,6,3,6,6,-0.3381,2.7455,1.819,1,0.187674106256199,1
551.104,2,1,2,5,4,6,6,0.2774,1.4445,1.4442,1,0.122891292499326,1
466.586,2,1,2,2,4,6,6,0.6642,0.5396,0.5124,1,0.0560685710279132,1
443.571,2,1,1,4,3,6,6,-0.3381,2.2087,1.3944,1,0.125911249090259,1
441.045,2,1,1,5,7,6,6,2.905855316,-1.0061,0.2957,1,0.14669292891292,1
561.368,2,1,2,5,3,6,6,-0.5753,2.0495,1.5012,1,0.109553882916031,1
388.813,2,1,2,3,3,4,4,0.514,-0.6583,-0.7667,1,0.0230590012841017,1
587.591,2,1,2,6,3,6,6,-0.3381,0.5658,1.2866,1,0.135419416603399,1
373.811,2,2,2,1,1,5,5,-1.1955,-1.1235,-1.1019,1,0.0106894380269632,1
597.063,2,1,2,5,2,4,4,-0.8828,1.3972,-0.1766,1,0.0287414088408236,1
584.516,2,1,1,5,3,6,6,0.4801,2.298,1.8819,1,0.195177266570999,1
578.949,2,1,1,5,3,4,6,-0.1144,1.8473,1.3856,1,0.111389587254397,1
569.37,2,1,1,4,3,6,6,-0.888,0.4982,1.0138,1,0.121715513112872,1
401.611,2,1,2,1,3,6,6,-0.7346,-0.5065,0.6859,0,0.0572805809134985,1
550.323,2,1,2,2,4,4,4,0.0901,0.4487,-0.2566,0,0.0230586566561585,1
616.869,1,1,2,4,4,6,6,2.5915,0.3814,0.8882,0,0.100897418929667,1
601.751,2,1,2,6,2,5,6,-1.1467,0.6649,1.0544,0,0.0938000208492386,1
599.263,2,1,1,4,1,6,6,-3.1297,1.6562,1.4394,0,0.112554216805424,1
482.731,1,1,1,4,1,6,6,-1.6448,1.4719,1.4543,0,0.121729419802921,1
294.439,2,1,2,1,4,6,6,0.5599,-0.6291,-0.4337,0,0.0315702969703386,1
519.753,2,1,1,3,4,4,6,2.5915,2.0534,1.5233,0,0.114106243510303,1
599.707,1,1,1,5,4,6,6,1.5043,1.6768,1.2816,0,0.15253004357132,1
298.69,2,1,2,1,2,5,5,-0.8427,-1.1659,-0.2911,0,0.0279065048203865,1
505.059,1,1,1,3,3,4,4,0.2947,0.6079,-0.0947,0,0.0384118341270113,1
475.862,1,1,1,5,4,5,6,2.5915,1.188,1.3706,1,0.160311799420669,1
460.774,1,1,1.263755171,2,4,6,6,0.6642,1.8351,1.3398,1,0.0931959408930529,1
537.281,1,1,1,3,3,6,6,-0.1613,0.0081,0.7097,1,0.0948358380873566,1
565.261,1,1,1,6,3,6,6,-0.3612,0.3637,0.8046,1,0.134675863178044,1
511.198,1,1,1,6,4,6,6,2.5915,1.6285,1.0159,1,0.160189672245032,1
527.734,1,1,2,2,3,2,2,-0.2216,-0.2364,-1.184,0,0.00866059856148119,1
589.721,1,1,2,3,3,6,6,0.0248,0.7425,1.0209,0,0.0749747248431935,1
512.385,1,1,1,4,3,5,6,-0.5064,1.1472,1.211,0,0.103198753705486,1
471.282,1,1,2,2,4,6,6,1.5611,0.1505,-0.2918,0,0.0353570616541357,1
324.032,1,1,2,2,3,5,5,-0.6239,-0.8026,-0.8239,0,0.0200024363990789,1
483.106,2,1,1,4,3,5,5,-0.8083,0.8023,0.2412,0,0.0617078776750747,1
579.387,2,1,2,3,3,6,6,0.5643,1.6265,1.4078,0,0.0942537430908103,1
450.579,1,1,2,4,4,6,6,1.5611,0.4501,1.1821,0,0.110096584366165,1
394.283,1,1,1,3,2,4,4,-0.8427,1.1213,-0.3193,0,0.0279064506839535,1
476.936,1,1,1.86201753,4,3,5,6,-0.3381,2.2479,1.5122,0,0.080672869265621,1
479.875,2,1,1,3,4,4,6,0.5073,1.6916,1.7003,0,0.113473860073544,1
597.342,1,1,1,5,3,6,6,0.1802,1.0836,1.2703,0,0.148575069157068,1
606.307,1,1,1,4,4,6,6,1.1245,0.9826,1.1298,0,0.132701605380778,1
578.384,2,1,1,6,4,6,6,0.6642,2.2454,1.6352,0,0.194045303566491,1
376.993,1,1,2,1,3,6,6,-0.3381,-0.6179,0.1284,0,0.0390112167418674,1
456.774,2,1,1,4,4,6,6,2.5915,1.5643,0.4551,0,0.0984093649105593,1
260.332,2,0.931344213,1.099719131,5,3,4,4,-0.5753,0.0897,0.4057,0,0.0731714114721656,1
447.554,2,1,1,5,4,6,6,-0.0621,1.143,0.7135,0,0.111845421547589,1
528.614,1,0.917923998,1,5,3,6,6,-0.1862,1.0803,1.1037,0,0.135020992565593,1
605.758,1,1,1,6,4,6,6,1.1245,3.1126,2.0779,0,0.214230386191154,1
526.757,2,1,2,3,3,6,6,-0.3381,0.4336,0.9487,0,0.0783095839154786,1
494.343,2,1,1,2,3,5,6,-0.5753,0.8723,1.2339,0,0.0911035410449024,1
329.65,2,1,0.670726952,3,2,4,4,-0.8684,2.3227,0.6181,0,0.0518125466740876,1
582.54,1,1,1,5,4,6.064738869,7.099751929,0.3171,2.0218,1.9087,0,0.193958818071205,1
580.641,2,1,1,5,4,6,6,1.5043,1.1267,1.1208,0,0.159984458715136,1
408.687,2,1,2,2,4,6,6,2.5915,0.1808,0.3628,0,0.062947190425094,1
267.245,2,2,1,2,1,4,4,-1.2256,-1.6694,-1.5929,0,0.0114593509330962,1
