treat,Female,HOMEPOS,ESCS
0,1,-0.135892801,-0.240677651
0,0,1.387317478,-0.433171755
0,1,-1.02841569,-0.453017763
0,0,-0.620602018,-1.601407635
0,1,0.337508247,0.362860157
0,1,0.334424202,0.73883852
0,1,-0.027745591,0.254133253
0,1,-0.506492319,0.151494082
0,1,-0.803074734,-1.801815792
0,1,-1.830062025,-2.414363443
0,1,0.151540279,0.810186746
0,1,-1.314203945,-0.68094247
0,1,-1.35892261,-1.922718161
0,0,1.888063733,1.641527506
0,0,0.675930886,1.088761389
0,1,1.277114237,1.451103231
0,1,-0.560874328,-0.879889571
0,0,2.888836634,1.372693236
0,1,0.958223889,1.186530374
0,0,-0.940006373,-0.162998183
0,1,0.088831345,1.135149911
0,1,-1.285830722,-0.858704261
0,1,0.850899091,0.183759064
0,0,1.888783344,0.417527995
0,0,-1.947050167,-0.329680301
0,0,2.292484955,0.547074944
0,1,-0.654218118,0.358842253
0,0,1.705899421,1.537062015
0,1,0.598007326,-0.026998237
0,0,-0.001082725,-0.006924403
0,0,1.417335525,1.66307808
0,0,1.144191858,-0.669010514
0,1,0.931084285,-0.397619396
0,1,0.928617048,1.324600148
0,0,0.839693724,0.309775129
0,1,0.463131718,0.996106099
0,0,2.090788352,1.483246459
0,1,0.794255448,0.637051632
0,1,0.869814573,0.297721418
1,0,-0.50320267,-0.576720489
1,1,0.637071908,0.694519827
1,0,0.719107529,0.956657592
1,1,0.031673694,0.657384659
1,1,0.739051026,-0.908988932
1,0,-0.215872392,-1.324537558
1,0,-1.365913114,-0.076674135
1,0,0.043598671,0.838677335
1,1,-0.844092545,0.301374058
1,0,-0.508651151,0.548048981
1,0,0.18854883,0.102670466
0,1,0.762695378,1.126505331
0,1,-0.885829967,-1.087846515
0,0,-1.418136292,-1.206435546
0,0,0.587727173,0.018903266
0,0,-0.757636458,-0.868566388
0,0,-0.469278165,0.590297846
0,0,-0.311066609,0.709495649
0,0,0.945270896,0.187168195
0,1,0.051617191,-1.208140111
0,1,-0.455091553,-0.686543184
0,1,0.928617048,0.154781457
0,0,0.45120674,0.91550452
0,1,1.453521664,0.87885637
0,1,0.420571884,0.122272965
0,1,0.030234472,-0.085318715
0,0,0.01666467,0.751501004
0,0,0.904047483,0.886161649
0,0,-0.001082725,-0.006924403
0,1,2.0604619,1.741731584
0,0,0.802890776,1.093753329
0,1,-0.54216445,-0.945880592
0,1,0.175595837,0.845860859
0,0,-0.004615246,-1.232612796
0,1,-0.279300936,-0.227649903
0,0,-0.612172292,0.377227206
0,1,0.524709835,0.720331813
0,1,-0.420653041,0.410222716
0,1,0.536943217,-0.129028635
0,0,0.952364202,1.410437178
0,1,-4.016342176,-2.672239795
0,1,0.550410217,-0.602532475
0,1,-0.315487075,0.179254142
0,1,0.381610104,-0.71235517
0,1,2.109703833,1.561899964
0,1,-1.282438272,-1.260494611
0,1,0.045757504,0.311357939
0,1,-0.541650442,-0.415882594
0,1,-0.405438414,-1.532859767
0,1,-0.955529404,-1.646578611
0,1,0.587418768,-0.974979954
0,1,1.500913169,0.798741809
0,0,-0.129621908,-1.387728222
0,1,0.07772878,0.053603342
0,0,0.333396186,0.466716874
0,1,-0.763084939,-2.284816494
0,1,1.348252896,1.406541029
0,1,0.477626734,0.7055995
0,1,0.502607506,0.112654348
0,0,-0.281356967,-0.711624642
0,0,0.056140458,-0.753386488
0,0,-1.117339013,-1.943416451
0,0,0.41625422,-0.093354522
0,0,0.553802668,1.010473148
0,0,-0.562416351,0.600159972
0,1,-0.112659655,-0.600340891
0,0,0.12275585,-1.328190197
0,0,1.849410358,-0.006924403
0,1,-0.426101522,-0.384591649
0,0,0.155960744,0.887622704
0,0,-0.14524774,0.530151048
0,0,0.297724055,-1.025508134
0,0,-0.449129065,0.397803742
0,1,-0.180919871,-0.084222924
0,0,-0.034736095,-1.321250182
0,0,0.139409698,0.653975528
0,0,-1.497190669,-1.580344081
0,0,-0.330290495,-1.009680029
0,1,-0.030829637,-1.143366637
0,1,0.436711724,0.984661162
0,0,1.243909343,0.661767826
0,0,0.676547695,0.263873625
0,1,-0.771823069,0.156729532
1,0,1.048997641,1.553133629
1,0,0.915664055,1.142820454
1,0,0.938177591,1.379024478
0,0,0.122653048,0.646670249
0,1,-0.887474791,-0.899979088
0,1,1.264264046,0.539769665
0,0,0.328770117,0.354702595
0,1,-0.201788582,0.933158944
0,1,-0.446250622,-0.72806152
0,1,0.644987625,0.704625463
0,0,0.669762794,1.186773883
0,1,-0.872157363,-0.905823312
0,1,-0.784364856,-0.095302597
0,0,-0.492408509,-0.144247967
0,0,1.154883217,1.548872216
0,0,-0.036586522,0.149667762
0,0,-0.410989697,0.345692751
0,1,0.540746873,-0.819134
0,0,-0.210835117,-0.363406339
0,1,0.078756795,-0.046600736
0,0,0.912477208,1.292335166
0,0,-0.273338447,0.303322132
0,0,0.263285542,-1.443126588
0,1,1.050128457,0.97492079
0,1,-1.554656725,-1.429246558
0,0,1.022577647,0.296260362
0,1,-0.097033822,-0.676681058
0,1,1.892998207,1.467540109
0,1,0.079887612,0.029374166
0,0,1.844681487,-0.410160125
0,0,-0.524996594,-0.855295131
0,1,-1.345352808,-0.394819039
0,0,-0.219881651,-0.647094677
0,1,0.809778479,-0.978754348
0,1,0.359302172,0.779748083
0,1,1.317412437,0.819561854
0,0,0.812142914,1.122974446
0,0,1.231059151,1.204671817
0,1,-0.745300274,-1.009071256
0,1,0.351283653,0.172679391
0,1,-1.171721023,0.209084032
0,1,-0.64763882,-1.092351438
0,0,0.208389525,1.187139147
0,1,1.055988145,1.556177496
0,0,0.930261873,1.073663812
0,0,0.848843061,1.289900073
0,1,1.812915814,1.684263389
0,0,0.607567868,0.782304931
0,0,0.161512027,0.311357939
0,0,-0.349617183,-0.862113392
0,0,0.197184158,-0.679481414
0,1,0.544242125,-1.388702259
0,0,-0.354037649,-1.862693117
0,0,-0.245170828,-1.66435479
0,0,-0.130547121,0.390620217
0,1,0.095307841,0.961893042
0,1,-1.102946799,-1.106840241
0,0,-0.474521043,-0.699936196
0,0,-0.838746866,0.08233744
0,1,0.433627679,-0.337472599
0,1,-0.672825195,-0.366084942
0,1,0.0589161,-1.431438142
0,0,1.846017907,0.269717848
0,1,2.160076583,1.558612589
0,0,-0.001082725,-0.006924403
0,0,1.072230787,1.236084517
0,1,0.96634521,0.737133955
0,0,0.08780333,0.60636946
0,0,-0.878839463,0.386967578
0,0,0.489962917,-0.295345489
0,1,-0.730394052,-0.580007864
0,1,0.142185339,0.705477746
0,1,0.342134316,-0.389948853
0,0,-0.005334857,-0.377529879
0,0,0.762798179,1.101423872
0,0,1.047969625,0.822970984
0,1,0.10928885,-0.234589918
0,0,0.362900225,0.655680093
0,1,-1.721400807,-1.614800647
0,0,-0.756197237,-0.238973086
0,0,-0.821476208,-0.95160306
0,1,0.232856289,-0.256262246
0,1,-0.199321345,-0.36133651
0,1,0.878655504,0.573252194
0,0,1.738384705,1.651876652
0,1,-0.609705055,0.831128546
0,1,0.017178678,-0.227893412
0,0,0.705434925,0.648740078
0,0,-0.838746866,0.152711628
0,1,-0.559332305,0.249263067
0,0,-0.568687245,-0.358657908
0,1,0.963775172,1.314738022
0,0,-0.281870974,-1.026238662
0,0,-3.678639148,-3.487143677
0,1,-3.194341138,-2.620981087
0,1,0.092429399,0.462455462
0,0,-1.843015018,-1.655466701
0,0,-2.722173708,-2.936203879
0,0,0.647763267,-0.99896562
0,1,1.205050364,-0.316287289
0,0,2.184234943,1.272367403
0,1,1.613583647,1.023987914
0,1,-0.997266826,-0.796731144
0,0,0.025608404,-0.917633513
0,1,0.010907785,0.044593498
0,1,0.579194646,0.946064937
0,1,0.136222851,0.506774155
0,0,1.690273588,1.354186529
0,1,0.836506877,0.680639797
0,0,1.618415319,1.42358668
0,0,1.392663157,1.65236367
0,0,1.831111685,1.516120215
0,0,-0.088192891,0.580070455
0,0,0.876085466,1.377198158
0,0,1.009007845,1.208567966
0,0,0.314480705,-1.219585048
0,0,0.306873391,0.575930797
0,0,0.840516137,1.235841008
0,1,-0.368738268,-0.321888003
0,0,-0.001082725,-0.006924403
0,1,-0.871129348,-0.359388436
0,0,-0.433503232,0.210179824
0,0,-0.33327174,0.126290869
0,0,-0.286497043,0.227712494
0,0,-0.544117679,-1.568046861
0,0,0.484617238,-0.221440416
0,1,-0.178966642,0.369556662
0,0,-0.149257,0.231486888
0,1,1.47346516,0.93279368
0,0,0.121625033,1.149395205
0,1,0.557092317,-0.472498507
0,0,-0.834840407,-0.524853007
0,0,0.051925595,-1.686027118
0,1,-1.047331171,-2.333031336
0,1,-0.320832754,0.680152778
0,1,0.280659001,-1.30968349
0,1,0.228538625,0.043741215
0,0,-0.339028625,-0.636136759
0,0,-1.294363249,-0.594009649
0,0,1.097108757,-0.853712321
0,1,-0.829494728,-1.264634269
0,1,-0.001082725,-0.006924403
0,0,-0.671899981,-1.673973408
0,0,0.378217654,-0.198063523
0,1,-0.001082725,-0.006924403
0,0,-2.459412995,-2.857793884
0,1,-1.331063396,0.150763554
0,1,0.091401383,0.784009496
0,1,0.726098033,1.236449781
0,0,-1.03653701,-0.27050754
0,0,2.239233762,1.4672966
0,0,-0.328440068,0.450401751
0,1,-0.365140214,-1.288863445
0,0,-0.43607327,-0.017136111
0,1,0.397235937,-0.340759974
0,0,-0.557584679,-1.146288748
0,0,0.569017294,0.916478557
0,1,0.154418721,0.811526047
0,0,0.999755707,1.10398072
0,1,0.210548357,0.584331868
0,1,1.556631599,1.321191018
0,1,1.611424815,-0.176999968
0,0,0.362900225,0.134935449
0,1,1.740440735,1.552159592
0,1,-1.265990027,-1.361550972
0,0,0.024169182,-0.450217406
0,1,-0.548640946,-0.420387516
0,0,1.356888225,0.736159918
0,1,0.054084428,0.61684036
0,1,0.192455288,0.752596796
0,1,-0.534659938,0.013424307
0,0,-0.708702929,-2.210789666
0,0,0.0790652,-1.196208155
0,0,0.023141167,0.779504574
0,1,-1.169150985,-0.796122371
0,1,0.501271086,0.741030104
0,1,0.338022255,-0.23568571
0,1,-0.144014122,0.706695292
0,1,-0.987809085,0.364686476
0,1,-0.301506067,-1.512770249
0,1,-0.433503232,-2.065901631
0,1,-1.446817919,0.139683881
1,1,-0.219162041,-0.458131458
1,0,-0.612275094,0.628772315
1,1,-0.075959509,0.836972769
1,1,0.886262818,1.293552712
1,1,-0.658330179,0.809943237
1,0,-0.123453816,0.992453459
0,0,1.622218975,1.198705839
0,0,0.201604624,-1.293855386
0,1,2.807623424,1.890881032
0,1,0.329284125,1.164371027
0,0,0.264724764,0.85949738
0,1,0.148456233,0.909538542
0,1,-0.152238244,0.854140175
0,0,1.145425476,1.393756791
0,0,-0.001082725,-0.006924403
0,1,0.208903533,-0.065472707
0,0,0.135914446,-1.297264516
0,0,-1.201533467,-0.885733794
0,0,-0.335224969,-0.201716162
0,1,-0.43340043,-0.022980334
0,0,-0.504950296,-1.802668074
0,0,-0.382616474,-1.195842891
0,1,-0.400915147,-2.070650062
0,1,-0.050670332,-0.379721463
0,0,-0.234685072,-0.364258622
0,1,-0.818494964,-1.933797834
0,0,-0.119547358,0.23940094
0,1,-0.586574711,-0.492222761
0,1,-0.118724945,-1.433264462
0,1,-1.412790612,0.305513716
0,1,-0.421681056,-0.006924403
0,1,0.37729244,0.455637201
0,1,-1.603179047,-0.85919128
0,0,2.625561914,2.063163864
0,0,2.225458357,1.838648287
0,1,-0.068454997,0.613796493
0,1,0.417385037,0.057986509
0,0,0.82530151,-0.149361662
0,1,0.510523223,0.714852854
0,0,-0.036072515,0.778895801
0,1,-0.952753763,-0.69689233
0,0,-0.17413497,0.291146667
0,1,0.00587051,-0.581590675
0,1,0.438253747,0.084650778
1,1,-0.157378321,0.122272965
1,0,-0.582565451,0.44041787
1,1,0.089756559,0.909173278
1,0,0.576007798,1.020091765
1,1,-0.577630978,0.266430473
1,1,0.237276755,0.822362211
1,0,0.699369635,-0.88354221
0,1,3.014665707,1.955776262
0,1,-0.884596348,-1.640856142
0,1,1.22694709,1.278333381
0,0,0.579194646,1.021552821
0,1,0.842263763,1.110920735
0,0,1.623349792,1.60183549
0,1,-0.479147112,-1.816548104
0,1,0.119260598,-0.003864854
0,1,-0.604564979,0.33022991
0,1,0.427973594,-0.91860755
0,0,1.531445224,0.656045357
0,0,-0.001082725,-0.006924403
0,0,0.735864178,0.591637147
0,1,1.315664811,1.19115705
0,1,1.150257148,1.093996839
0,0,0.021496342,0.250480613
0,1,1.050848068,0.351293465
0,0,-0.306029334,-0.571363284
0,0,0.576624608,-0.767631782
0,0,-2.42548849,-1.154202801
0,0,-1.49862989,-2.008676944
1,1,0.960485523,1.464252734
1,1,0.829721976,0.330595174
1,1,0.174053814,-0.374973031
0,0,0.792199417,-0.163850466
0,0,-0.215563987,0.202631035
0,0,-1.197935413,-1.223724707
0,1,0.588549585,-1.530911692
0,1,-0.494567341,-0.572946094
0,1,-1.772081962,-2.127752994
1,1,0.639744747,0.896876058
1,1,1.61245283,0.540378438
1,1,-0.138051633,0.432625572
1,1,0.21877248,0.613065965
1,1,0.229463839,0.592611184
1,1,1.591995325,1.537792543
0,0,0.335863423,-0.266854901
0,0,-2.2716974,-0.667184195
0,0,0.665547932,1.134541138
0,0,0.16839973,0.867898451
0,0,0.185773188,0.92573191
0,1,1.305076253,1.412994025
0,0,-0.776037932,0.632911974
0,0,-0.292048326,-0.703588835
0,1,0.878655504,1.177033511
0,0,1.428540892,1.542175711
0,0,0.937046774,-0.294493207
0,0,-0.518520098,-0.110400174
0,1,-0.810682048,-0.106747534
0,1,-0.151621435,0.552432149
0,0,-0.373158734,0.456002465
0,1,-0.405541216,0.592854693
0,0,-0.899810975,-0.095180842
0,1,0.026430816,0.458924577
0,1,-0.64157353,0.087694644
0,0,0.111139277,0.319637255
0,0,0.350975248,1.04797358
0,1,-1.219523735,-0.365232659
0,1,-0.308290968,0.735916409
0,0,0.591839234,0.850974554
0,0,1.322655315,0.150154781
0,1,0.336069026,0.412536054
0,1,0.853777534,0.629015825
0,0,-0.411606506,-0.738045402
0,1,-1.439724613,0.142727747
0,1,-0.012428163,-0.63224061
0,0,-0.462801668,-1.902506888
0,1,-0.075856707,-0.063646387
0,0,-0.948333297,-1.743982332
0,0,-0.027334385,0.631694427
0,1,-0.57639736,-1.531885729
0,0,2.089657535,1.502848958
0,1,0.904355887,0.891397099
0,0,-1.043835919,-1.810703881
0,0,-0.223685308,-1.428637785
0,0,-0.912352761,-0.327123453
0,1,-1.064293424,-0.196967731
0,0,-0.258226622,-0.14303042
0,1,-0.664703874,-0.319939929
0,1,-0.00214801,0.395612158
0,0,0.725070018,1.160474878
0,0,0.517513727,-1.069339808
0,1,-1.905723952,-1.690288531
0,0,-0.491174891,-1.024290587
0,0,0.320545995,0.984417652
0,0,1.512015734,0.899189396
0,0,0.749228377,0.516879791
0,0,0.529027499,0.999636984
0,1,0.044215481,-0.086779771
0,1,-1.698373264,-0.246521874
0,0,0.500140269,-0.560040101
0,0,0.866216519,0.195447511
0,1,1.330571033,1.47435837
0,1,-0.41520456,0.186194157
0,1,0.10733562,0.338143962
0,0,2.396211699,1.661495269
1,0,-0.068454997,-0.915807193
1,1,0.976316959,0.872403373
1,0,0.338844667,-0.05926322
1,0,0.66811797,0.88409182
1,1,-0.199938154,0.279823484
1,1,-0.684338967,-0.605211077
1,0,0.651052916,0.247680256
0,1,-1.269485279,-2.404501316
0,1,-0.702740441,-0.115148605
0,0,-1.127413563,-1.25915531
0,1,-0.655862943,-1.038048863
0,1,0.013066617,0.498373084
0,1,1.179658386,1.408732613
0,1,0.328667316,0.761484886
0,1,0.967064821,1.014247542
0,0,-0.69595554,-0.640519926
0,0,0.673874856,-0.069368856
0,1,-0.378196009,0.006119028
0,0,0.144755378,0.832467847
0,0,-0.001082725,-0.006924403
0,1,0.249510137,-0.254070662
0,1,-0.786420887,-0.045870208
0,1,-1.393052719,-2.584089427
0,0,-1.91836854,-1.864397682
0,1,-0.690918265,-1.682252724
0,1,-0.349719985,0.385628276
0,0,0.311807865,-0.893647846
0,0,1.062875847,0.77913931
0,0,0.438767755,0.985513444
0,0,-0.018390651,-1.064104358
0,1,-0.058791653,-0.131707238
0,0,-1.243579293,-1.276322716
0,0,-0.001082725,-0.006924403
0,1,-1.950545419,-1.28715888
0,0,-0.001082725,-0.006924403
0,1,-0.052315157,0.97309447
0,1,0.152773897,0.035948917
0,1,-0.217208812,-0.482482388
0,0,-0.001082725,-0.006924403
0,1,1.056090946,1.304632386
0,0,-0.116771716,-1.507900063
0,1,-0.408728063,-0.988372965
0,0,-0.4514935,0.32134182
0,0,0.986083104,0.921835761
0,1,-0.438437705,-0.171155745
0,1,0.094588231,-0.568075908
0,0,1.124659567,-0.816577152
0,1,-0.745403076,-0.153744829
0,0,-0.246610049,-0.658661369
0,0,0.723322392,0.832711357
0,1,-0.421578254,0.460142123
0,1,-0.001082725,-0.006924403
0,1,0.827151938,0.777191236
0,0,-2.092822737,-0.941497424
0,1,1.311038742,1.340062989
0,1,-1.232785132,-1.767237471
0,1,-0.054679592,-0.474446581
0,1,1.076445649,1.112138282
0,1,-1.429547262,0.172314127
0,0,-2.857152117,-2.625120745
0,1,-0.068557798,-1.486958263
0,1,-0.160976374,0.276779618
0,0,0.032701709,0.657871677
0,0,0.970046065,0.587862753
0,1,-0.174443375,0.170244298
0,0,-0.59521004,-1.48975862
0,0,0.152054286,0.312331976
0,0,3.610708981,1.938487101
0,0,-0.494258937,-1.081028255
0,0,0.284565459,-0.905458048
0,0,-1.441061033,-0.783581641
0,1,-0.872260165,-1.114754293
0,1,0.41831025,0.322559367
0,1,-1.189608489,-1.773568712
0,1,-0.052109554,0.394516366
0,0,0.361461004,0.428607668
0,0,0.553597065,0.381366864
0,1,0.256911847,-0.301189712
0,0,-0.909988326,0.423615728
0,0,-0.937333533,-0.519130539
0,0,-2.711071142,-1.002740014
0,0,-1.88279921,-2.024992068
0,0,-1.350801289,-0.838736499
0,0,-0.441316148,0.451497543
0,1,-1.220860155,-1.039996937
0,0,0.831161197,0.087207626
0,1,-0.820036987,-0.110765438
0,0,-0.045735859,0.294677552
0,0,-0.947716488,-1.222994179
0,1,0.54054127,-0.072047458
0,1,3.810452355,-0.006924403
0,0,1.223246235,-0.044043889
0,1,0.28127581,0.841477692
0,1,1.655115465,1.439536539
0,1,-0.897035333,-0.878915534
0,0,0.622576892,0.914652237
0,0,-0.001082725,-0.006924403
0,0,-0.087370478,0.094756414
0,0,0.415329006,-0.006924403
0,1,-1.624561765,-1.573038802
0,1,0.141979736,0.207257712
0,1,-0.243526003,0.48729341
0,1,-0.219470445,0.673943291
0,0,0.238407572,0.697076675
0,0,-1.61006675,-0.585486824
0,1,-0.218236827,0.397681987
0,0,0.391376249,-0.682890545
0,0,-0.965089947,-1.260859875
1,1,-0.505567105,0.197152076
1,1,-2.666969286,-1.870728924
1,1,2.292690558,2.074121783
1,0,0.262771535,-0.382400065
1,0,-0.265936737,0.934132981
1,0,0.235323526,-1.128147305
1,1,-1.445173095,-0.555900443
1,1,0.640155953,1.299640445
1,1,-0.079865967,0.634007765
1,0,-1.270102088,0.241714278
1,1,-0.390634994,-0.099929274
1,0,-0.201171773,0.807629898
1,0,-1.60472107,-1.425959183
1,1,0.165624088,0.690501924
1,0,0.76485421,1.152682581
1,0,0.160586813,-1.036709562
0,1,0.896131765,0.857549305
0,0,-1.048153583,0.137127033
0,1,-1.581385123,-1.304935059
0,1,-0.736870549,-2.240619555
0,1,0.598521334,0.853774911
0,0,-0.792177772,-0.103703668
0,0,-0.054371187,0.292851232
0,0,-0.754963618,-1.232125777
0,0,0.585157135,0.420328352
0,1,2.265550954,1.830977744
0,0,-0.196340101,0.608439289
0,0,-0.592742803,-1.488662828
0,1,0.156269149,0.560711465
0,0,1.606284738,1.619489914
0,1,1.040567915,-0.425501212
0,0,-0.913483578,0.095121678
0,0,-1.237514003,-1.152985254
0,1,-0.11368767,0.543787569
0,0,0.042262252,-1.090159854
0,1,-0.149462603,-1.278149036
0,0,0.660921863,1.333853502
0,0,-0.203433407,0.278362429
0,1,1.290478436,1.406541029
0,0,-0.036175316,-0.479073258
0,0,-0.535790755,-2.152834452
0,0,-0.869690126,-1.734972488
0,0,-1.626720598,-1.171370206
0,0,-0.930137426,0.188507496
0,1,-0.409036468,-0.641372209
0,1,-0.62748972,-1.008218973
0,1,1.218620166,1.576632277
0,0,-0.153163458,0.300278266
0,1,-0.542267251,-0.510607713
0,0,-0.799476681,-0.861626373
0,1,-1.279971035,-1.417923376
0,1,0.278294566,0.865341603
0,1,2.440416357,1.957480827
0,0,1.133397697,1.262748786
0,1,0.215174426,1.014004033
0,1,-0.195723292,0.659089224
0,1,0.190296456,1.443919707
0,0,1.250694244,0.055794926
0,0,0.356423729,0.773660351
0,0,-0.30510412,-1.162116853
0,1,0.719724338,0.90661643
0,0,0.846581427,0.639730234
0,1,0.606848258,0.958118648
0,0,1.899063497,1.872739589
0,1,-0.941651198,0.359572781
0,1,-0.234479469,0.66736854
0,0,0.377189638,0.329742891
0,0,0.47875755,0.135057204
0,0,1.604023104,1.291482883
0,1,-2.176194779,-3.647007534
0,1,-0.41520456,0.46294248
0,1,0.324452453,-1.340974436
0,0,0.573540562,-1.056433815
0,1,0.763003783,0.74930942
0,0,1.520548261,1.1545089
0,0,-0.470408981,0.438835059
0,0,-0.391149001,-0.746689982
0,1,0.073616718,0.801420411
0,1,0.949280156,0.050437721
0,1,-0.077809936,0.338022208
0,1,0.401553601,-0.107356307
0,0,-1.280382241,-2.786689167
0,1,-0.266861951,-0.297658828
0,0,-2.327827036,-1.049250291
0,1,-0.169714505,-0.129637409
0,1,0.700706055,1.024109669
0,0,0.191221669,0.827475907
0,0,-0.001082725,-0.006924403
0,1,-0.232217835,0.492285351
0,1,0.100756322,-0.666088403
0,1,0.756218882,0.323655159
0,0,0.366806684,0.476213737
0,1,0.418104647,0.448210167
0,1,-2.105672929,-1.945851544
0,0,0.442982618,0.786079325
0,0,-0.6463024,-0.040269494
0,0,-0.052726363,0.140292654
0,1,0.884103986,-0.39299272
0,0,-0.076679119,-1.264025496
0,1,-0.749103931,-0.381791292
0,0,0.819647426,0.950082841
0,0,0.157913973,0.23940094
0,0,0.35046124,0.494233426
0,0,0.097569475,-0.84348493
0,1,1.003148158,0.88409182
0,0,-1.130394808,-1.521414829
0,1,-0.502483059,-0.928591431
0,1,0.428487602,-0.397619396
0,0,1.98788402,0.603203839
0,1,0.422422312,0.349467145
0,0,0.328770117,-0.692630917
0,0,0.70975259,0.479622867
0,0,1.205667173,1.143185718
0,1,-0.42527911,-1.840533771
0,1,-0.025586759,0.481570942
0,1,-0.2836186,-1.177944958
0,0,1.269815328,1.27175863
0,0,-0.096725418,0.475726719
0,0,-0.957071427,-1.118893952
0,1,-1.50932125,-1.165525983
0,0,-0.299861242,-0.581225411
0,1,1.895773848,1.921684959
0,0,0.468168993,0.34934539
0,0,0.374825203,-0.7667795
0,0,0.545989751,-1.320032636
0,1,1.872951908,1.710440639
0,1,0.44647787,-0.545794807
0,1,-0.982257802,0.266430473
0,0,0.765676622,0.700120541
0,1,-0.81551372,-0.013239962
0,1,1.728207353,1.773266039
0,0,-0.234068263,-1.483427378
0,0,0.369171119,-0.423431382
0,0,0.270481649,-0.509146657
0,1,-0.808626017,0.140779672
0,1,0.711294613,0.085381306
0,1,0.558737141,0.615135794
0,0,-0.625639293,0.019146776
0,0,0.99389602,0.849757008
0,1,0.012758212,0.422763445
0,1,0.12943795,0.649592361
0,1,0.242108427,0.874838466
0,1,0.483486421,-0.81889049
0,1,0.275621726,-0.665357875
0,1,1.476960413,1.563239265
0,1,-0.08408083,0.70766933
0,0,-0.474521043,0.084894287
0,0,2.311811642,1.599522151
0,0,0.080196016,-0.121479847
0,0,-1.710401043,-0.100781556
0,1,-0.973108466,-0.806349761
0,0,1.934221621,1.510641256
0,0,1.396980822,0.107053634
0,1,0.191324471,-0.274403689
0,1,0.433216472,0.93279368
0,1,3.810452355,1.451833759
0,0,-1.053396461,-1.135574339
0,0,-1.199785841,0.014885363
0,0,-1.876014309,-2.198127182
0,1,0.21003435,0.986609236
0,0,0.028384045,0.253402725
0,0,-0.276319692,-1.972272304
0,1,-1.880229172,-0.891699772
0,0,0.445449855,0.837459788
0,1,-0.566014405,-1.1123192
0,1,0.926252613,-0.08178783
0,1,0.212707189,-1.784526631
0,0,0.353031279,0.621223527
0,1,-0.818289361,-0.064742179
0,0,0.385310959,0.760997867
0,1,0.181147119,-0.605941605
0,1,-0.001082725,-0.006924403
0,0,-0.304178907,-0.331506621
0,0,0.317153544,-0.098833482
0,1,0.611474326,1.186530374
0,0,-0.326795243,-0.077282908
0,0,0.131905186,0.152589874
0,0,-0.232937446,-0.921286152
0,1,-0.150285015,0.276292599
0,1,0.01327222,-0.150579209
0,0,-0.099398258,0.877151804
0,1,0.051000382,-1.359359388
0,1,0.025711205,-0.799287992
0,0,0.502710307,0.409613943
0,1,-0.252264134,0.156486022
0,1,-0.498679402,-1.027577963
0,0,-0.828158308,0.40900517
0,1,-0.879456272,0.064683015
0,0,-0.634788629,0.316958653
0,1,-0.129416305,0.838920844
0,1,-0.294515563,0.526985427
0,0,-0.832373171,-0.342586294
0,1,0.503429918,0.645452703
0,0,-1.253756645,-0.926886866
1,0,1.067707519,1.1335671
1,1,0.235940335,0.771468767
1,1,0.650230503,0.77573018
1,0,0.745630324,0.394638121
1,1,-0.225535736,0.570573592
0,1,-0.366065428,-0.622743747
0,0,0.0320849,0.934376491
0,1,-0.756916847,-0.121479847
0,0,-0.918623655,0.52053243
0,0,-0.750337549,0.054577379
0,1,0.246734496,0.554867242
0,1,-1.194851368,0.299669493
0,1,0.371124348,0.25169816
0,1,-0.641676331,-0.012996452
0,1,1.394616386,0.948743539
0,0,-0.220806865,-0.126715297
0,0,0.204997075,0.0786848
0,1,0.349947233,-0.160076071
0,1,-0.091790944,-1.069339808
0,1,0.170969768,-1.583874966
0,0,-0.06393173,-0.838371235
0,1,-1.857715637,-1.297142761
0,1,-0.036278118,0.255472554
0,0,-0.597060467,-0.01372698
0,1,0.447403084,0.340213791
0,0,-0.024455942,0.638025669
0,0,-0.002045208,-0.182478927
0,0,-2.438749888,-0.884881511
0,0,0.240874809,0.59748137
0,1,-0.59592965,-0.622134974
0,0,-1.843220621,-0.656713295
0,0,0.608081876,1.059296763
0,0,-0.42867156,-0.695187765
0,0,-1.177272306,0.131161055
0,1,-0.412634521,0.740786595
0,0,-1.78205371,-1.138374696
0,1,0.548456988,1.234623461
0,1,-1.1365629,-0.958056057
0,0,-0.938772755,-1.244301243
0,1,-0.521192938,-1.432290424
0,0,-1.730550143,-1.689558003
0,0,0.332368171,1.150856261
0,0,-0.618957193,-0.468845867
0,1,-0.362056168,-0.935409692
0,1,0.225248976,-0.126228278
0,1,-0.720319502,-0.147900606
0,0,0.706154536,1.353577756
0,0,0.31890117,0.732142014
0,1,-1.460079316,-0.218274795
0,1,0.78901257,1.11286881
0,0,-2.504234463,-2.471588129
0,1,-0.374803558,-1.358507106
0,0,-0.851494255,-1.676773765
0,0,1.210293242,-0.157275714
0,0,1.156939248,1.222691505
0,0,-0.300580853,-0.896082939
0,1,0.343573538,1.044807959
0,1,0.36927392,-0.02078875
0,1,0.103429162,0.688675604
0,0,-0.231498224,0.643504628
0,1,1.691815611,1.530974283
0,1,-0.2433204,-0.689952315
0,1,-0.425690316,0.584088358
0,0,0.093046208,-1.509604628
0,1,0.575802195,0.038871029
0,1,0.286004681,0.54670968
0,0,0.365470264,-0.651477845
0,1,1.045707992,0.872403373
0,0,1.254189496,1.315346795
0,1,0.709546987,1.153778372
0,1,-1.503358761,-0.006924403
0,1,-1.182720787,-0.248591703
0,1,0.741621064,0.870820563
0,0,0.193380502,-0.442425108
0,1,0.587418768,0.577270098
0,0,-1.542320541,-1.901898115
0,0,-0.107005571,0.471221796
0,0,-1.910864028,-0.313852196
0,0,-0.61474233,-1.966184571
0,0,0.249921343,1.004020151
0,0,-0.332449327,0.725323754
0,1,-0.678787684,0.046298063
1,0,-0.272310432,0.625728449
1,1,0.969840462,1.267010198
1,0,0.321471209,1.035189342
1,0,0.374311195,1.234258197
1,1,0.319620781,0.631816182
0,1,0.964597584,1.189330731
0,0,0.374516798,0.932428416
0,1,0.718079514,-0.397375887
0,1,-0.352495626,0.364442967
0,0,0.507747582,0.713635307
0,1,-0.261207867,0.378931771
0,0,-2.284855996,-2.250238173
0,1,-0.855914721,-0.823273658
0,1,-0.195106483,0.659332733
0,0,-1.398706803,-0.006924403
0,1,-1.330960594,-1.415001264
0,0,-0.380354841,0.083189722
0,1,1.089398642,1.36940586
0,1,0.563157607,-0.137673216
0,0,0.905589505,0.886892177
0,0,0.094999437,-0.93772303
0,0,-1.196907398,-0.12391494
0,1,0.426534373,0.351293465
0,1,-0.154294275,0.224303363
0,1,-0.401223551,-0.336133297
0,0,-0.653190103,-0.214256891
0,0,-0.569612458,-0.932609335
0,1,0.518027735,-0.753508243
0,0,1.291917657,1.432353015
0,1,-0.150696221,-0.052444959
0,0,0.434450091,0.782426686
0,1,-1.727363296,-1.680548159
0,0,-1.26753205,-1.015037234
0,1,-2.710145928,-0.888168887
0,0,-0.366682237,-0.743646116
0,0,0.656398595,-0.575137678
0,1,0.298340864,0.924392609
0,1,-0.070511027,0.285911217
0,0,0.174156615,0.794967415
0,0,-0.758870076,-0.713085698
0,1,0.654959374,1.180320887
0,0,-0.853036278,-0.205734066
0,1,-0.625125285,0.522480505
0,1,0.440720984,1.112260036
0,0,-0.409550475,0.415092902
0,1,0.345321164,0.567529726
0,0,-0.053343172,0.872038109
0,0,-0.043577026,0.39829076
0,1,0.650538908,0.965667436
0,1,0.437225732,0.192403645
0,0,-0.398036704,-0.712111661
0,1,0.011421792,0.069918465
0,1,-1.866248164,-0.23909484
0,1,-0.001082725,-0.006924403
0,1,-0.943501625,-0.265150336
0,1,0.143624561,0.907468713
0,0,-0.570229268,-2.613310544
0,0,-0.838027255,0.002101124
0,1,1.341982003,1.227683446
0,1,0.724350407,-1.141783826
0,0,-0.731216465,0.778287027
0,0,-0.132191946,0.535751762
0,0,-1.226514239,-1.258790046
0,1,-1.315026357,-2.198005427
0,1,-1.251906217,-1.851004671
0,1,0.631623426,0.792775831
0,0,1.006335005,-0.666818931
0,1,-1.609655543,-1.729980547
0,0,-1.493181409,-0.056584618
0,0,-0.557893084,0.305270206
0,1,2.930779658,1.894168408
0,0,0.102812353,0.939977205
0,1,0.667501161,0.531612104
0,1,-0.881923508,0.139075107
0,0,2.440416357,1.655529291
0,1,-1.494826234,-1.53346854
0,0,-0.545248496,0.356041896
0,0,-0.416129773,-1.38663243
0,0,1.158789675,1.248625246
0,1,-1.935022388,-0.877941496
0,0,1.232498373,0.606491214
0,1,1.601453066,0.221137742
0,1,0.94013082,0.650322889
0,0,-1.234018751,-1.767724489
0,0,0.339872683,-1.473930515
0,0,-0.508137143,-0.256871019
0,0,-0.379532428,0.42812065
0,0,4.911765153,2.932492076
0,1,0.04884155,-0.341490502
0,0,0.108774842,0.84196471
0,0,-0.740879808,-1.043284313
0,1,-0.404924406,0.346666788
0,1,-0.699656395,-0.667305949
0,0,-0.087370478,-1.067391734
0,1,1.439335052,1.270054065
0,1,0.407618891,0.574469741
0,0,2.158431759,-0.442059844
0,0,1.277422642,1.300249218
0,0,0.184333967,0.02450398
0,0,0.817488594,0.521384713
0,0,-0.302945288,-0.313365178
0,0,-0.271899226,0.198247868
0,0,-0.519239709,0.769885956
0,0,2.612608921,1.554351176
0,0,-0.883876738,0.037409973
0,1,-0.661825431,-0.864548485
0,1,-0.934763495,-1.78842278
0,1,0.078037184,-1.131799945
0,0,-1.885677653,-0.453870045
1,0,-0.001082725,-0.006924403
1,1,-1.39582836,0.18704644
1,1,1.024222472,-0.0679078
1,0,-0.030110026,0.731167977
1,1,-0.001082725,-0.006924403
1,0,2.083181038,1.424560717
1,0,-0.845531767,-0.919338078
0,1,-2.062496286,-1.687975193
0,1,0.241800022,-0.991173322
0,0,-0.208573483,-1.1018483
0,1,0.421908304,-1.046936953
0,0,-1.015771101,0.327307798
0,0,-1.783184527,-1.284723787
0,1,0.69566878,0.196665057
0,0,0.09726107,0.71107846
0,1,-0.871437752,0.415336411
0,0,-0.593770818,-1.489028092
0,0,-1.24604653,-3.48616964
0,1,-0.251647324,-1.415610037
0,1,-1.452883209,0.137005278
0,1,-1.267326447,-1.983473732
0,1,1.167733408,0.850000517
0,0,-0.747150702,-0.091528203
0,0,-1.544582175,-2.650080448
0,1,0.242211229,-1.150306652
0,1,-1.6201413,0.064195997
0,1,-0.72957164,-0.549447447
0,0,-0.804308353,-0.624691821
0,1,-0.873596584,-0.315313252
0,0,-0.293898753,0.364808231
0,1,-0.677245661,0.298573701
0,1,0.692687536,0.547683718
0,0,-0.04244621,-1.181232333
0,1,-0.666657103,-0.723313089
0,0,-0.597471673,-1.717074554
0,0,-1.359745023,-1.387119449
0,0,-0.325972831,0.778530537
0,0,0.357760149,0.326333761
0,0,-0.08408083,-0.545186034
0,0,-0.482745165,-0.492344515
0,1,-0.140313267,0.104496786
0,1,-1.338259503,-1.460902768
0,0,-0.773056688,0.50847872
0,1,-0.686394997,-1.063982604
0,0,-0.001082725,-0.006924403
0,0,0.010496579,-1.326729142
0,0,-1.652523782,-0.780050757
0,0,-0.001082725,-0.006924403
0,1,-2.357845083,-1.338661097
0,0,1.017334769,1.237423818
0,0,-1.573777809,-1.912369015
0,1,-0.31651509,0.606491214
0,1,0.906000712,1.163762254
0,0,-0.79670104,-0.704441118
0,1,0.281481413,-0.537028472
0,0,-0.225741339,-0.229476223
0,1,1.08456697,1.115669167
0,1,0.293509192,0.872038109
0,1,0.634501869,0.799107073
0,1,1.064212267,1.509423709
0,1,-0.571976894,0.746874327
0,1,-0.901764204,-0.201716162
0,0,0.513401666,0.293460005
0,0,0.847609442,1.138315532
0,1,1.671049702,1.220012903
0,0,-0.453343927,-0.177608741
0,1,1.92949275,1.860807634
0,1,0.552157843,0.883970065
0,1,1.486418153,1.441606369
0,0,1.167013798,1.20187146
0,0,1.014147922,0.959214439
0,0,1.186340486,0.807751653
0,0,0.468683,0.22369459
0,1,0.815021357,1.350655644
0,1,0.461692496,0.693667545
0,1,0.407104884,0.971755169
0,0,0.81255412,0.594802768
0,0,-0.297599609,0.665055202
0,1,0.664314313,-0.571728548
0,1,-0.001082725,-0.006924403
0,1,0.683641001,0.89091008
0,0,-1.37300642,0.498860102
0,1,0.453262771,-0.115148605
0,0,-0.075342699,-0.566614853
0,0,0.69967804,0.923053308
0,0,0.231828274,0.971024641
0,1,2.277681534,1.760847065
0,1,-0.570332069,0.043132442
0,0,-0.296777196,-0.285239853
0,1,0.097980681,0.459898614
0,1,0.294537208,0.872525128
0,0,0.479065955,0.801785675
0,0,-0.241572774,-1.461511541
0,1,0.466832573,0.097069753
0,0,1.154472011,0.22028546
0,0,-0.293487547,-0.591087538
0,1,-0.858176355,-0.88719485
0,0,-0.238899935,0.187411704
0,0,0.851207496,0.339848528
0,1,0.591428028,0.000396559
0,1,-0.19222804,0.15746006
0,0,0.488729299,0.806047088
0,0,0.064056176,-0.078135191
0,0,0.492224551,0.581166247
0,0,-0.619882407,-1.525554487
0,1,1.066062695,1.258609127
0,1,-1.065527042,-1.870485415
0,1,0.107232819,-0.389096571
0,1,0.686416642,0.892127627
0,1,0.409469319,0.97285096
0,0,0.681482169,0.889936043
0,0,0.369685127,0.155511985
0,0,-0.122528602,0.192768909
0,0,0.389320219,0.938881413
0,1,0.595951295,0.852679119
0,0,-1.527517121,-0.846407042
0,0,0.348919217,0.996714872
0,0,-1.021322384,-1.725475625
0,0,1.140593804,1.290995865
0,0,0.923065766,1.397652939
0,0,0.627511365,1.168388931
0,0,-0.424148293,-0.346117179
0,0,0.256603443,0.704990727
0,0,-0.912455563,-1.263051459
0,1,-0.244348416,-1.319423863
0,1,0.436917328,0.657749922
0,1,0.364031042,0.449792978
0,0,0.458711252,-1.131556435
0,0,1.546248644,0.134204921
0,1,0.482355604,0.619518962
0,0,0.071766291,0.196908567
0,1,-1.162160481,0.263630116
0,0,-0.227900171,-0.205247047
0,0,-0.957379832,-0.565519061
0,0,0.542186095,-0.667549459
0,1,-1.253242637,-0.996165263
0,1,0.678089718,0.22186827
0,0,-1.797062734,0.314280051
0,0,-0.76380455,0.663350636
0,0,-0.327309251,0.199221905
0,0,0.288883123,0.995740835
0,1,0.101784338,-0.665601384
0,0,1.315253605,1.090344199
0,1,-0.807906406,-1.187320066
1,0,0.633576656,0.894197456
1,0,-0.250516508,-0.290597058
1,1,-0.37428955,0.002709898
1,1,3.260464167,2.515604149
1,0,0.876291069,1.477889255
0,1,0.309237827,-0.575259433
0,1,-0.564472382,0.423128709
0,1,-0.713637403,-0.165068012
0,1,-1.898322241,-2.602839644
0,1,-0.634069018,-0.507807356
0,1,-1.098526333,-0.652086618
0,0,1.020213212,1.087665597
0,1,-0.552136198,-1.15627263
0,0,-0.023325125,-0.543968487
0,1,-0.488707654,0.556693562
0,0,-2.490459058,-1.245397034
0,1,-0.196031696,0.110462764
0,1,-1.405800108,-0.336863825
0,1,-1.24810256,-1.253189332
0,0,0.6970052,-0.411621181
0,1,0.267294802,0.910877843
0,0,-0.285160623,-0.637841324
0,1,0.792096616,0.665785729
0,0,-1.114460571,-0.243965026
0,0,-1.760773793,-4.684722429
0,1,-1.254476255,-2.00307623
0,1,-2.664399247,-0.641859227
0,0,-1.155683984,-1.092229683
0,1,-0.593359612,-0.771893195
0,1,-0.381280054,-0.075821853
0,0,-2.536822548,-1.964967025
0,1,-0.285366226,0.172314127
0,1,-0.837616049,0.228686531
0,0,0.188651631,0.725689018
0,1,-0.667479516,0.805925333
0,1,-0.408728063,0.219189668
0,0,0.935196346,1.45317306
0,0,1.090735062,1.118347769
0,0,1.435325793,1.041885848
0,0,-0.325870029,-0.952333588
0,0,0.438253747,0.009162894
0,0,0.243958855,0.553649695
0,1,0.688061467,0.075153915
0,1,-0.347355549,-0.853468811
0,0,-2.036179094,-2.594925591
0,1,-0.904642647,-1.10367462
0,0,-0.941239992,-1.640369124
1,0,0.267911611,1.037015662
1,0,1.091454673,0.024382226
1,0,1.978015073,1.202723742
1,0,1.97513663,1.478132764
1,0,0.296079231,0.873133901
1,0,-0.505464303,0.051290004
1,0,0.946298912,1.206498137
0,0,-0.862494019,0.368826135
0,1,-1.254579057,-1.852222217
0,0,0.331134553,-0.414786802
0,0,-0.022091507,0.437861022
0,0,-1.584263565,-0.694944255
0,0,-1.32736254,-0.02967684
0,0,0.337919454,0.740421331
0,0,0.662977893,1.083160675
0,1,-0.635611041,0.49277237
0,1,0.582484295,-0.355735796
0,0,0.966756416,-0.155692904
0,0,-0.245170828,0.315497597
0,1,3.131345444,-0.733053461
0,0,-1.962778801,-2.311359008
0,0,-0.632218591,0.494233426
0,1,0.613633159,0.432747327
0,0,-0.261721874,0.132256847
0,1,-0.324739213,0.205431392
1,1,0.407927296,0.369556662
1,0,0.542391698,0.22552091
1,1,1.791635898,1.876270474
1,0,-0.161901588,0.698902995
1,1,0.469402611,0.69695492
1,1,-0.474829447,0.688553849
1,0,0.13683966,0.97991273
1,0,-1.107470067,0.413144828
0,1,1.300450184,1.335436312
0,1,-0.254320164,0.809699727
0,1,-0.039567767,-0.631023063
0,1,-0.001082725,-0.006924403
0,1,0.520803376,0.1205684
0,0,-1.097189913,-0.752168941
0,0,0.344498752,-0.006924403
0,0,0.38335773,-0.32651468
0,0,-0.127874282,-0.75789141
0,1,-0.157378321,0.001492351
0,1,-1.289223173,-0.722582561
0,0,0.296798841,0.974068507
0,0,-0.225330133,-0.436824394
0,1,0.541260881,-0.851642492
0,1,-0.510809983,0.547074944
0,0,1.17050905,1.054426577
0,1,-0.00420404,0.188994514
0,1,-0.448615057,0.045811044
0,0,0.69834162,1.173989645
0,1,-0.174443375,-0.665114366
0,1,-1.559488397,-0.563449232
0,0,-0.471231394,-1.108666561
0,0,2.594001844,1.386451511
0,1,0.505691551,0.989531348
0,1,-0.250722111,0.484127789
0,0,0.489140505,0.579826946
0,0,-0.225124529,0.173288164
0,1,1.659844335,1.517094252
0,1,1.051773282,0.422154672
0,1,0.428796007,0.860593172
0,1,1.423195212,0.860593172
0,1,1.017231968,1.212220605
0,1,-0.684750173,0.023529943
0,1,1.364701141,-0.266854901
0,0,-0.641059522,-0.787599545
0,0,1.133500499,-0.006924403
0,1,0.169427745,-0.86260041
0,0,-0.51327722,-0.006924403
0,0,-2.141653464,-0.711624642
0,1,-0.01160575,-0.166529068
0,0,0.484925642,0.854748949
0,1,1.098033971,1.347977042
0,1,-0.340262244,-1.051685384
0,0,0.52039217,0.724227962
0,0,-0.319085128,0.454419655
0,0,-0.364112199,0.610996136
0,0,0.280247795,-1.209235903
0,0,0.995540845,-1.964601761
0,1,-0.553164214,-0.824856468
0,0,0.282817833,-0.654643466
0,0,-0.26007705,-1.570238445
0,0,-0.569509657,-0.156423432
0,1,-0.17279855,-0.702006025
0,0,-0.746945099,-1.555749641
0,0,0.7910686,1.063436421
0,1,-0.522426556,-0.816577152
0,1,0.900963437,0.180349934
0,1,2.23440209,1.329226825
0,1,0.49150494,0.782061422
0,0,0.139306896,0.100478883
0,1,-0.950903335,0.45612422
0,1,-0.597985681,-1.717318064
0,0,0.094074223,-2.18838681
0,0,0.890374879,1.156943993
0,1,0.603250204,-0.968039938
0,1,0.870636985,0.9974454
0,0,0.411525349,0.324629196
0,0,0.329181323,1.038476718
0,1,1.296029719,1.157431012
0,1,0.23223948,0.870455299
0,1,-1.384725795,-1.833350246
0,1,0.416151418,-0.654521711
0,0,-0.509370762,0.578974663
0,1,-0.64424637,-1.611635026
0,1,0.90250546,1.26287054
0,0,0.232136679,0.367365079
0,1,0.580428264,0.896267285
1,1,0.996157654,0.573982722
1,1,2.156889736,1.632761171
1,0,2.647767044,1.947009927
1,1,0.596362501,0.878004087
0,0,0.33833066,0.740543085
0,0,0.479991169,0.102792221
0,0,-0.097856235,-0.853103547
0,0,1.87038187,1.482881195
0,0,-0.003792834,0.641921818
0,0,-0.776037932,-0.398836943
0,1,-0.607751826,-0.97437118
0,1,-0.723917556,-1.118041669
0,1,0.827871548,1.129792706
0,0,-1.309577876,-1.951574013
0,1,-0.052006752,0.168174469
0,0,0.103017956,-0.468845867
0,1,-0.477810692,-1.287645899
0,1,0.009057357,-0.622865502
0,1,0.426945579,0.112532593
0,0,-1.144889824,-1.754087968
0,0,-0.295440776,-1.862449608
0,0,-1.167917367,-1.386754185
0,1,0.779554829,0.31634988
0,0,-0.211760331,0.777921763
0,1,0.095616246,-0.844337213
0,1,-0.434428446,0.404256738
0,0,-0.291431517,-0.887073095
0,1,0.408749708,0.424102746
0,1,-0.726487594,-0.842389138
0,1,-0.193667261,-0.844458967
0,1,0.052131199,0.268865566
0,0,-0.514305235,-0.662070499
0,1,0.295462421,-0.681916508
0,0,-0.089837715,-0.527653364
0,1,2.965423774,2.185892553
0,0,0.843908587,1.136732721
0,1,-0.07606231,-0.063646387
0,1,1.693666039,0.248654294
0,1,0.491813345,0.208597013
0,1,-0.325047617,0.502147478
0,0,1.368813202,0.610387363
0,1,1.881998443,1.462791678
1,1,-1.110759716,0.034366107
1,1,0.1798107,0.369678417
1,1,0.389217417,1.190426523
1,0,-0.518725701,-0.060115503
1,1,-0.473287424,0.689162623
1,1,-0.531987098,0.638512688
1,1,-0.386008925,0.727150074
1,1,0.426945579,0.77913931
1,1,1.759973026,1.535479205
1,0,-0.450054278,0.724471471
1,0,-1.371155993,0.147476178
0,1,-0.307879762,-0.114296322
0,0,-0.202610994,0.42970346
0,0,-2.705828264,-1.761758511
0,0,-1.150338305,0.394516366
0,0,-0.001082725,-0.006924403
0,0,-0.022399911,-0.04538319
0,0,-0.272104829,-0.677411585
0,0,-0.475549058,-1.764680623
0,1,-0.335636175,0.271057149
0,1,-0.568687245,-0.831674729
0,0,-0.019418667,-0.106991043
0,0,0.94085043,-0.375825314
0,0,-0.6060042,-1.237482982
0,0,-0.698731181,0.515662244
0,0,1.065240282,0.880804444
0,0,-0.001082725,-0.006924403
0,1,-0.52335177,-0.804279932
0,1,-0.077193127,-0.069247101
0,1,-1.146945854,0.395977422
0,0,-2.110093394,-0.148996398
0,1,0.286518688,0.818709572
0,1,1.161051309,1.023135631
0,0,-0.985033444,-1.266947608
0,0,-1.815978215,-0.197089485
0,1,-0.031343644,0.1519811
0,0,-0.870718142,-0.636015004
0,0,-1.796445925,-2.415093971
0,1,-0.42527911,0.18181099
0,0,-0.131986343,-1.43898693
0,0,-0.751468366,0.165617621
0,1,-0.60734062,-0.974249426
0,0,1.246170976,-0.210238988
0,0,0.665239527,0.057621245
0,0,0.724144804,1.109824943
0,1,-0.217517216,-0.024684899
0,0,-0.109986815,-1.429490067
0,1,-0.228414178,-0.889873452
0,0,0.310779849,0.633033728
0,0,1.381971798,0.767085599
0,0,0.915458452,-0.85736496
0,1,0.496439414,-1.014550215
0,0,-0.925511357,-0.212065308
0,0,-0.873904989,0.665785729
0,0,-0.811607262,0.018659757
0,1,-2.274678645,-1.503760405
0,0,0.549690607,0.85767106
0,0,-1.4522664,-0.391044645
0,1,-0.613508712,-1.598242014
0,1,-0.602714551,0.632911974
0,0,-0.218339628,-0.608741962
0,1,0.443393824,0.96238006
0,1,-0.216797606,0.39829076
0,0,-0.479558318,0.384532485
0,0,-2.501870027,-1.094421267
0,0,-1.676887744,-1.464920671
0,0,-0.825382667,-0.042704587
0,0,0.959354706,-0.813046267
0,0,-1.569048939,-1.684931326
0,1,-0.783850848,0.106201351
0,0,-1.112096135,-1.639151577
0,1,-1.053088057,-1.714152443
0,1,-0.584724283,0.1938647
0,0,-0.8679425,-0.589504727
0,0,-0.132397549,0.007336574
0,1,-0.653292904,0.308922846
0,0,0.058813298,-0.236537992
0,1,0.255986634,-0.070099384
0,1,0.767938256,0.525037352
0,1,0.156166347,-0.197089485
0,1,0.391684654,1.015343334
0,0,0.359507775,0.875568994
0,1,-1.701765715,-1.443004834
0,0,0.534167575,0.825771341
0,1,0.989989562,1.326061204
0,1,-1.021013979,-0.122819148
0,0,0.406385273,1.172772098
0,0,-0.992949161,-0.656469785
0,1,0.566652859,0.990870649
0,0,-0.742524633,0.270083112
0,1,0.569531302,-1.133748019
0,1,-0.986678268,0.465742837
0,1,1.099575994,1.097040705
0,1,-0.123865022,0.841355937
0,0,0.159867203,0.713270044
0,0,0.078037184,-0.328706264
0,0,-0.795570223,-0.155449395
0,0,0.606231448,0.429459951
0,0,0.822834273,-0.006924403
0,0,0.606745456,-0.891090999
0,1,-0.727001602,0.327186044
0,1,-0.055502004,-0.437189658
0,0,0.178063073,-0.461297079
0,1,-2.182260069,-1.71512648
0,0,1.316487223,1.216603773
0,1,0.22884703,-0.527166346
0,0,-0.170536917,-0.10479946
0,0,-0.275188875,-0.847259324
0,0,-0.558407092,-0.287553191
0,0,1.977295462,1.604879356
0,1,0.102915155,0.789001437
0,1,0.036505366,0.463307744
0,1,1.054034916,1.052113239
0,1,-0.391868612,0.422763445
0,1,0.53108353,-0.282561251
0,0,0.278705772,0.890788325
0,1,-0.508651151,0.422276427
0,1,-0.470820188,-0.907162613
0,0,0.75138721,0.120324891
0,1,-0.377887604,-1.073722976
0,1,-0.002559216,-0.90472752
0,1,-0.56231355,0.122151211
0,0,1.248843816,1.338114915
0,0,0.184436768,0.824553795
0,1,-0.496417769,-0.251757324
0,0,0.9186453,1.244729097
0,0,0.515149292,0.943386335
0,1,0.068887848,-0.923843
0,1,0.605820242,-1.117919914
0,1,1.190144142,0.889936043
0,0,-0.77655194,-0.801357821
0,1,1.158686874,-0.072169213
0,0,0.726612041,0.56241603
0,1,-0.301506067,-0.065959726
0,0,0.806591632,0.013546062
0,0,0.652492137,1.128940424
0,1,1.015587143,0.733481316
1,0,1.193947799,0.886526913
1,0,1.212452074,-1.31175332
1,0,-0.465166103,-1.853196255
1,0,-0.921913304,-2.228078826
1,0,0.294331605,-0.028337538
1,0,0.436711724,0.959457949
1,0,-0.100117868,0.790827757
1,0,0.123886667,0.501295195
0,1,-0.720216701,-0.998235092
0,1,-0.068763401,0.266552227
0,0,0.4955142,0.318419709
0,0,0.694126757,-0.413325746
0,1,-0.000400384,-1.230786476
0,0,1.884260077,1.58953827
0,0,-0.281151364,0.123734021
0,1,-0.688656631,-1.735215997
0,0,-0.466502523,-1.307857171
0,0,0.205202678,0.880317425
0,1,1.713301131,0.395612158
0,1,0.478654749,0.228077757
0,1,-0.246815652,-0.917998777
0,0,0.48543965,0.9555618
0,0,0.631520625,0.465621082
0,1,-0.753215992,-2.305636539
0,1,-1.567404114,0.363955948
0,0,-0.072258654,-0.967796429
0,1,0.357760149,-0.025780691
0,0,0.583203906,1.174233154
0,1,0.064056176,0.173409919
0,0,0.536634812,-0.400785017
0,0,0.851413099,0.863271774
0,0,-0.339851038,0.722158133
0,1,0.500345872,1.112990564
0,0,1.29746894,1.183242998
0,1,-0.537846786,-0.415639085
0,1,-0.370691497,-0.091284693
0,0,0.014711441,0.876421276
0,1,-0.32453361,0.753936097
0,1,0.036608167,-0.56052712
0,0,0.905486704,1.239006629
0,1,-0.672516791,-0.147170078
0,1,0.799498326,0.644478665
0,0,0.412142159,0.596629087
0,0,0.941878446,0.726541301
0,1,-0.175676993,0.818709572
0,0,1.564238912,1.651511388
0,1,0.012141403,0.598577162
0,1,-0.413456934,-0.504885244
0,1,-1.049490003,0.287494027
0,0,-1.392127505,-0.012631188
0,1,-1.315026357,-0.275864745
0,1,1.055268534,1.555812232
0,1,-1.552395091,-1.649257213
0,1,-0.001082725,-0.006924403
0,1,-1.219523735,-1.3413397
0,0,-0.001082725,-0.006924403
0,1,0.513093262,1.319851717
0,0,0.038047389,0.04386297
0,1,-1.673084088,-0.059384975
0,1,0.290425146,0.845495595
0,0,0.093663017,0.961162514
0,0,0.813068128,-0.104434196
0,1,1.463082206,1.40629752
0,1,0.76485421,0.533438423
0,0,0.893870131,1.08303892
1,0,1.421858792,1.237302063
1,1,1.128154819,0.656654131
1,1,-0.010680537,0.160990945
1,0,0.013477823,1.077194697
1,0,1.563622103,1.751958975
1,1,0.000113624,-0.488448366
0,1,-1.202150276,-0.22679762
0,0,0.302041719,-0.407359768
0,0,-0.40245717,0.468421439
0,1,-0.260899462,0.25328097
0,0,2.268840603,1.480202593
0,1,1.210190441,1.522573212
0,0,-0.682385738,0.44723613
0,1,-0.051081538,0.973581488
0,1,1.365831958,1.439414785
0,1,1.783206172,1.36940586
0,1,0.333910194,0.461846688
0,0,-1.299914532,-1.029160773
0,0,1.4156907,-0.889142924
0,1,0.459739267,0.793384604
0,1,1.519211842,1.682315314
0,0,-0.230367408,0.493015879
0,1,1.017334769,0.859984399
0,1,-0.367813054,-0.397010623
0,1,-0.055399202,0.292485968
0,1,1.563108095,0.835998732
0,0,-1.011967445,-1.653518626
0,0,0.701322864,1.074637849
0,0,-0.849027019,0.223816345
0,0,4.911765153,2.649777775
0,0,0.238407572,0.697076675
0,0,-0.277450509,-1.667155147
0,1,-0.371308306,-0.418682951
0,0,0.335555018,0.990992403
0,0,-0.933529877,0.152833383
0,1,-2.322995364,-1.373848192
0,1,0.247762511,0.223085817
0,0,1.241956114,0.781696158
0,1,-0.518828502,-0.387270251
0,0,2.597291493,1.925094089
0,1,1.99600534,0.958849176
0,1,-0.350233992,-0.810002401
0,0,0.51165404,0.891518853
0,0,-1.157123206,-0.861261109
0,1,-3.242246651,-2.893467997
0,1,1.142752637,1.241685231
0,0,0.130260362,-1.324902822
0,1,-0.156555909,0.525159107
0,0,-0.670152355,0.477796548
0,1,0.164287668,0.866072131
0,1,0.745219118,0.967980774
0,0,-0.40379359,0.694276318
0,0,-0.783336841,0.177427822
0,1,0.175595837,0.242079542
0,1,-1.497601875,-0.707606739
0,1,-0.581434635,-0.283657043
0,1,0.240874809,0.72337568
0,0,-0.105463548,0.270691885
0,1,-0.375317566,0.284084897
0,0,1.705899421,0.737012201
0,0,-0.557070672,-1.455545563
0,0,-1.366015916,-0.952211834
0,1,-1.501919539,-1.01649829
0,1,0.123783865,-0.107599817
0,1,1.047764022,0.043010687
0,1,0.237893564,-0.279273875
0,1,1.475623993,1.235597498
0,1,-0.110912029,-0.12915039
0,0,1.541622575,1.59136459
0,1,-0.891278448,-0.503302434
0,0,-0.723197945,0.353972067
0,1,-1.239672835,-1.299821364
0,1,-0.350336794,0.340213791
0,1,-0.129519106,-0.570023983
0,0,0.526149056,0.822362211
0,1,-0.552341801,0.352876275
0,1,0.78027444,0.661280807
0,1,1.016615159,1.211855341
0,1,1.701581757,1.610723579
0,1,0.053878825,1.019361237
0,0,0.715098269,0.678082949
0,1,0.00587051,0.59589856
0,1,-0.001082725,-0.006924403
0,0,-0.001082725,-0.006924403
0,1,0.534270377,1.001950322
0,0,-0.027334385,0.757588737
0,0,0.997391272,1.027397044
0,1,0.57343776,0.842938747
0,0,1.411373036,1.408854367
0,1,0.010702182,0.195447511
0,0,-1.377838092,-0.333454695
0,1,-0.725665182,-0.691048106
0,0,-0.353112435,-1.53529486
0,1,0.69967804,-0.926034584
0,1,0.592558845,0.151859346
0,1,-0.883157127,0.410222716
0,1,0.687239055,0.263508361
0,0,-0.574341329,-0.964874318
0,1,2.444425617,1.933982179
0,0,1.005923799,0.734333598
0,1,0.644884824,-0.622865502
0,1,-1.079405249,-1.255137407
0,0,0.156166347,0.988313801
0,0,0.98248505,0.593219957
0,0,1.226227479,1.362222336
0,0,0.676444894,0.585792923
0,1,0.206230693,0.758562774
0,1,0.84010493,1.135028156
0,1,-0.188629986,0.848295952
0,0,-0.557995886,0.551701621
0,1,-0.001082725,-0.006924403
0,1,0.765985027,0.750648722
0,1,0.152157088,0.483397262
0,0,-0.420344636,0.712296006
0,1,-2.110813005,-1.382127508
0,1,0.680659757,1.355160566
0,0,-0.220087254,0.381732128
0,0,-2.365760801,-2.790828825
0,0,1.452288045,0.395246894
0,1,0.907131528,0.560467956
0,1,-0.833401186,-0.725504673
0,1,-0.105977556,0.446505602
0,0,-1.478377989,-2.377228274
0,1,0.585362738,-0.505372263
0,1,-0.013456178,0.587497489
0,0,0.416151418,1.076342414
0,0,-2.012329139,-0.886342567
0,1,-1.263419988,-1.777099597
0,1,0.83537606,0.383314938
0,1,-0.050773134,0.571182365
0,1,-0.274058058,0.474022153
0,1,-0.506183914,0.649714115
0,1,1.081071718,1.516728988
0,0,-1.109423296,-0.971449069
0,1,0.393123875,-1.109884107
0,0,0.62113767,0.667490295
0,0,-0.184003917,-0.782364095
0,1,-0.803897147,-0.863574447
0,0,-0.608574239,0.270935395
0,0,-0.655554538,-1.666911638
0,0,0.57950305,-0.042582833
1,1,1.309702322,1.006211735
1,1,-0.709730945,0.435304174
1,0,0.691556719,1.196270746
1,0,-0.790944154,0.148450215
1,1,-0.396083475,0.571912893
1,0,-1.095545089,0.317689181
1,1,0.939308408,1.20345427
1,1,0.048121939,0.34252713
1,0,0.514840888,1.270297574
0,0,0.905692307,0.031443995
0,0,0.108877643,-0.866618314
0,0,0.08245765,-1.295316442
0,1,1.627564655,0.999758738
0,1,1.002531349,1.029710383
0,0,1.230442342,1.028249327
0,1,-0.254114561,-0.51864352
0,1,2.071770068,0.496303255
0,0,0.876393871,0.325724988
0,0,1.283693535,0.880317425
0,0,0.494383383,0.360668573
0,0,0.72188317,0.429459951
0,1,-0.120164167,-1.282897467
0,1,-0.653601309,-0.994338943
0,0,-1.95064822,-0.947463402
0,0,-0.203844613,-0.446443012
0,0,-0.189452398,-0.571728548
0,1,-1.316773983,-0.327001699
0,0,-1.246457736,-0.376921106
0,1,-0.336150183,0.099870109
0,1,-0.379224024,-0.774328288
0,1,-1.176347092,-1.742643031
0,1,-0.207751071,-0.604115285
0,0,-0.006260071,0.087451135
0,0,0.599960555,-0.265028581
0,0,0.509186804,0.865219849
0,0,0.925533002,1.187626166
0,0,-1.576553451,-1.199860795
0,0,0.215174426,0.070648993
0,1,-1.166478145,-0.392383946
0,1,-0.41458775,0.51347066
0,0,-1.117236212,0.011476233
0,1,0.947840935,0.356772424
0,1,-0.030007224,-0.099076991
0,1,1.252853076,1.138680796
0,1,1.860204519,0.811769557
0,0,-1.245018514,0.051411758
0,0,-0.28629144,-0.976075745
0,0,-1.014743086,-0.502450151
0,1,-0.601378131,-1.07226192
0,0,-1.554553923,-0.656956804
0,1,0.510523223,1.117373732
0,0,-0.92972622,0.364808231
0,0,-1.407342131,-1.943781715
0,0,-0.001082725,-0.006924403
0,1,-1.755633717,-0.996043508
0,1,-0.252161332,0.659697997
0,1,0.738948224,1.36782305
0,0,1.121267117,1.534261658
0,1,0.427562388,1.282594794
0,1,0.006384517,0.872890392
0,0,-1.74710119,0.009041139
0,0,1.881998443,1.110555471
0,1,2.369277698,2.102612371
0,0,0.682612986,0.940707732
0,0,0.138278881,-0.54141164
0,0,1.220573395,0.898093604
0,0,0.664828321,-0.048183547
0,1,0.484411635,-1.246249317
0,0,0.802890776,0.842086465
0,0,-0.240853164,0.216754575
0,0,-0.508753952,-1.492315468
0,1,0.142185339,0.131891583
0,1,-0.152546649,0.079171819
0,1,-0.086650868,-1.268286909
0,0,1.870073465,0.564485859
0,1,-1.109217693,-1.688218702
0,0,-0.883979539,-1.59787675
0,1,-0.630882171,-0.775667589
0,0,0.115559743,0.593341712
0,0,1.579453538,1.20528059
0,0,-0.024661545,-0.285970381
0,1,-0.329468083,-0.953916399
0,0,1.352981767,-0.095789615
0,1,-0.119855762,-1.106718486
0,0,1.164340958,-1.345235849
0,1,-0.943604427,-0.823760676
0,0,-0.939595167,-0.615681977
0,1,0.141465729,-1.169056868
0,1,-0.429905178,0.053968606
0,0,0.417076632,0.321950594
0,1,0.091606986,-1.291420293
0,0,0.318489964,0.611726664
0,1,0.009057357,0.219920196
0,1,1.312991971,-0.364867395
0,0,2.017799265,1.780571318
0,1,-1.102227188,-1.50911761
0,1,-0.060436477,-0.811706966
0,0,-1.72294283,-0.730253104
0,0,-0.318571121,0.63072039
0,1,-0.3708971,-1.064956641
0,0,-0.970846832,-0.672054381
0,1,-1.408061742,0.030713467
0,1,-1.064807431,-1.173318281
0,1,0.151540279,0.010258686
0,1,0.64930529,0.095973961
0,0,-2.234174842,-0.945150064
0,0,1.401195684,1.505040542
1,1,0.380170883,0.05433387
1,1,-0.570743275,0.797767772
1,0,-0.226255346,0.696102638
1,1,0.299471681,0.774025615
0,1,0.382946524,0.910999597
0,1,-0.199835353,0.335343605
0,1,-0.036997729,-0.776276362
0,1,-0.335122167,0.095243433
0,1,0.639847549,-0.059019711
0,1,0.46529055,1.122852691
0,0,-0.291842723,0.566920952
0,0,0.753648843,0.221990025
0,0,-0.79670104,-0.634066929
0,0,-0.117182922,0.471952324
0,0,-0.145350542,-1.562689656
0,1,-0.867634096,-1.313944903
0,0,-0.666348699,-0.697988122
0,1,-0.45015708,0.699268259
0,1,1.978015073,1.60524462
0,1,0.672949642,1.188113184
0,1,0.324760858,1.13721974
0,1,0.93344872,1.502727204
0,0,-1.223532995,-0.60581985
0,0,-0.468352951,0.414605884
0,1,-0.761028908,-0.870027444
0,0,-0.382822077,0.129821754
0,1,-0.140930076,0.849513499
0,0,0.74069585,1.117008468
0,0,0.567680874,0.890666571
0,1,-0.711272968,-0.684838619
0,0,0.267911611,0.961527778
0,0,1.581406768,1.069402399
0,1,-2.676221423,-1.753966214
0,0,-1.582413138,-1.051441875
0,1,0.705948933,1.051504465
0,0,1.06236184,-0.164459239
0,1,0.108774842,0.16269551
0,0,1.364084332,-0.611785828
0,1,0.269042428,0.735551145
0,1,-0.809448429,-0.161537127
0,0,1.614817265,0.11874208
0,0,-0.376242779,-0.627126914
0,0,0.163156852,0.865585112
0,1,-0.763598947,-0.840928082
0,1,-1.628159819,-0.54299445
0,1,-0.138771244,0.532951405
0,0,-1.938620441,-1.546131024
0,0,0.400731189,0.61684036
0,1,-0.746945099,-2.076494285
0,0,-1.42605201,-1.667642166
0,0,0.562849202,0.586766961
0,1,0.578063829,0.99586259
0,1,-0.863110828,-1.681278687
0,0,1.043446358,1.047486562
0,0,1.301375398,0.711930742
0,0,0.204380265,0.95897093
0,1,0.161100821,-0.765561953
0,1,-1.274419752,-0.379599708
0,0,-0.507417532,-0.226310602
0,1,1.409008601,0.98015624
0,1,-1.588684031,0.077954272
0,0,0.493355368,0.02815662
0,1,0.045654702,0.537699836
0,1,0.758891721,1.37646763
0,1,-0.008110498,-0.039173702
0,0,-1.371567199,-2.330839752
0,0,-1.556301549,-0.084101169
0,0,-0.613611514,-0.373146711
0,1,-1.728185708,-1.127416777
0,1,0.50085988,0.358476989
0,0,-2.474730423,-2.483885349
0,0,-0.665217882,-1.696498018
0,0,-0.774701512,-0.070951667
0,0,0.36187221,1.052722012
0,0,0.199137387,0.503852043
0,0,1.049408847,1.175815964
0,1,0.181352722,0.848417707
0,0,-0.329365282,-1.846621503
0,1,-0.668301928,-0.729035558
0,0,-0.603022956,0.532099122
0,1,0.355395714,0.149302498
0,0,-0.426615529,-0.015066281
0,0,2.73144749,1.786172032
0,0,-2.173007931,-2.151251641
0,1,-0.661208622,-0.142299892
0,0,0.884617993,0.802272694
0,0,0.605614639,0.781452648
0,1,1.585724432,1.283568831
0,1,-1.129366793,0.378444752
0,1,0.271098459,0.112532593
0,0,0.623913312,0.844765067
0,0,0.131699583,-0.053784261
0,0,-0.532295503,0.361520855
0,0,0.581147875,1.047486562
0,1,2.097470451,1.707518527
0,1,2.498088016,2.133538053
0,1,0.400011578,0.767450863
0,0,0.224220961,-0.982041723
0,1,-1.072620348,-0.8296049
0,1,-0.24260079,-0.614220921
0,0,0.814096143,-0.109060872
0,1,0.192558089,-1.499011973
0,1,-1.104797227,-1.341704964
0,0,0.201296219,-0.697744612
0,1,0.352414469,-0.121236338
0,0,-0.41726059,-0.544333751
0,1,-0.001082725,-0.006924403
0,0,0.06097213,0.474022153
0,1,-0.218853636,-0.508294375
0,0,-1.365810313,-0.876602195
0,0,1.247301793,0.894806229
0,0,-0.519136907,-0.815116096
0,0,-0.326898045,0.174262202
0,1,1.257376343,-0.338690145
0,1,1.035325037,-0.234102899
0,1,-0.399989933,0.41923256
0,0,-0.119855762,0.244271126
0,0,-0.408316857,-0.963047998
0,1,0.046065908,-0.332724167
0,0,0.279836589,0.362860157
0,1,0.759097324,-0.195750184
0,1,-0.357738504,-0.228989204
0,0,-0.206209048,0.597116106
0,1,-1.279354226,-0.235198691
0,1,-0.109986815,0.746752573
0,1,0.407721693,0.448818941
0,1,-0.059305661,0.466838629
0,0,-0.680329707,-0.534228115
0,1,-0.323094388,0.024990999
0,0,-0.703048845,-0.190758244
0,0,-0.837307644,-0.247617666
0,1,0.858506404,1.268836518
0,0,-0.467427737,0.113141366
0,0,1.064006664,0.427511877
0,0,-0.673956012,0.476091982
0,0,1.895773848,0.122881739
0,1,-0.238694332,-0.813776795
0,0,-0.832064766,0.009771667
1,0,-1.11240454,-1.964601761
1,1,-2.24342698,-2.257421697
1,0,1.340953988,0.057499491
1,1,0.672949642,-0.434511056
0,0,-1.048153583,-1.095638813
0,0,-0.964678741,0.097922035
0,0,-0.001082725,-0.006924403
0,1,-0.27282444,-0.56941521
0,1,-1.357997397,-1.376405039
0,0,-0.709216937,-1.212279769
0,0,-0.470820188,-0.235563955
0,1,-0.407288842,-0.973640652
0,1,0.206127891,0.109488727
0,1,-0.414896155,-0.965970109
0,0,-0.025278354,-0.041608796
0,0,-0.979173756,-0.260523659
0,1,-1.548488633,-1.137400659
0,0,-1.136460098,-0.701153742
0,0,-0.698936784,-1.006514408
0,0,-0.443886187,-0.374729522
0,1,-1.289325974,-2.48863378
0,1,0.866010916,1.423099662
0,1,0.401245196,-0.032111933
0,1,-0.890661639,-0.091162939
0,0,0.240257999,0.468543194
0,1,0.136222851,-0.215352683
0,0,0.282201024,0.293460005
0,1,-0.155939099,0.449914732
0,1,-0.04110979,-0.400663263
0,1,1.38546705,1.397652939
0,1,0.799601127,-0.865035503
0,0,-0.612275094,-0.830457182
0,1,0.758172111,-0.183696474
0,0,0.994821234,0.974068507
0,1,-0.649180843,0.310749166
0,0,0.084410879,-0.741089268
0,1,0.028898053,-0.873436574
0,0,0.249921343,-0.525583535
0,1,-0.174546176,0.290903158
0,0,0.263285542,-0.806106252
0,1,0.192455288,-0.505372263
0,1,-0.298730425,-0.454965837
0,0,-0.694516318,-1.097586888
1,0,-0.164574428,-0.177730496
0,1,0.838460106,1.411167706
0,1,0.980531821,1.221352204
0,0,0.77153631,0.954344253
0,1,1.928464735,0.728245866
0,0,0.34573237,0.743830461
0,0,1.813635425,1.65942544
0,0,1.323888933,1.446233045
0,1,0.789320974,0.790949511
0,0,-0.802869131,-0.103338404
0,0,-0.570640474,-1.119259216
0,1,0.188446028,0.675282592
0,0,-0.962519908,0.224668627
0,0,-0.977528932,-1.140444525
0,0,-0.179686253,-1.528598354
0,1,1.163415744,-0.007273984
0,1,0.59358686,0.751013985
0,1,-0.75373,-0.358657908
0,1,-0.879045066,-0.312512895
0,1,-1.170590206,-1.370317307
0,1,0.709546987,1.103371947
0,0,0.584745929,1.099475798
0,0,-0.675292432,0.396951459
0,0,0.41625422,0.578244135
0,0,1.392457554,1.001585058
0,0,1.623966601,1.551794328
0,0,0.358993767,-0.420265762
1,1,-0.861671607,-1.135209075
1,1,-0.171667734,-0.103094894
1,1,0.126662308,0.125195077
1,1,-0.497651387,-0.193436846
1,1,0.970251668,1.317538379
1,1,-0.21844243,-0.482969407
1,1,-0.68526418,0.295042816
1,1,-0.731833274,0.652149208
1,1,-1.421837147,-0.893404337
0,1,-0.083258417,-0.308129728
0,1,-0.630984972,-0.775667589
0,1,0.717257101,0.608682798
0,0,-0.982566207,-1.658267058
0,0,-0.001082725,-0.006924403
0,0,-0.472773417,-0.832648766
0,1,-0.595724047,-1.590571471
0,1,0.710986208,1.104102475
0,1,0.096849864,-0.345751915
0,0,0.347685599,-0.38751376
0,1,-0.239413942,0.74066484
0,0,-1.234841163,-0.246034855
0,0,-0.256170592,0.235261282
0,1,1.533706857,1.411776479
0,0,-1.768381107,-1.529937655
0,0,-0.758253267,-1.14056628
0,0,-1.296933287,0.230147587
0,0,-2.416647559,-1.584483739
0,0,-0.867736897,0.069796711
0,0,-0.783131238,-0.804279932
0,0,0.100345116,-1.413418453
0,1,0.575493791,-0.817429435
0,0,-0.798345864,-1.578152497
0,1,-1.725307265,0.043619461
0,1,-0.001082725,-0.006924403
0,0,-0.001082725,-0.006924403
0,0,0.175390234,0.845739104
0,0,0.33164856,-0.666210157
0,0,-0.402971177,-1.053755213
0,1,-0.001082725,-0.006924403
0,1,-0.001082725,-0.006924403
0,1,-0.002250811,-0.451678462
0,1,-0.880998295,-1.093325475
0,0,1.138332171,-0.73512329
0,1,1.407672181,0.254985535
0,0,0.241800022,-0.176999968
0,0,0.40885251,1.224152561
0,1,0.514224079,0.671264689
0,1,-0.91224996,-1.283019222
0,0,-0.737692961,-0.331628375
0,1,0.336891438,-0.316774308
0,1,1.218106158,0.977599392
0,0,-1.08824618,-0.70553691
0,1,-0.759178481,0.313184259
0,1,0.237996366,1.149760469
0,0,-0.943193221,-0.622256728
0,1,1.756272171,1.571640336
0,0,-0.034530492,-0.303016032
0,0,-0.475240653,0.839286108
0,0,1.96578169,2.244091276
0,1,-0.925614159,-0.332845922
0,0,0.425300755,0.879099879
0,0,-1.851753148,-2.557303404
0,0,-0.361542161,0.134083167
0,1,0.169427745,-0.729157312
0,0,-0.274058058,-0.192584563
0,1,0.260407099,0.278971202
0,1,0.016973075,0.726541301
0,1,-0.39505546,0.245245163
0,1,1.284207543,1.47935031
0,1,2.217337036,1.583572292
0,0,0.847403839,1.213681661
0,0,0.07104668,-0.829970164
0,0,0.861076443,0.867411432
0,1,0.01800109,0.903085545
0,1,-0.448717859,0.448331922
0,0,1.142135827,1.01497807
0,1,-0.203741811,-0.069003592
0,0,0.996671662,1.228413974
0,0,0.774620356,1.131740781
0,0,-0.206209048,0.906129411
0,1,1.387009073,1.649928577
0,1,0.730518499,-0.132681275
0,1,1.454549679,1.553498893
0,1,0.947943736,1.257513336
0,1,0.676033688,1.139167814
0,1,0.77626518,1.18275598
0,0,1.898755093,1.595869512
0,0,0.051103183,0.679300496
0,0,3.131345444,1.088396125
0,0,-0.837102041,-0.915685438
0,0,0.019131907,0.173896938
0,0,0.031776495,-0.059506729
0,0,-0.707058105,0.089399209
0,1,0.416459823,-0.420387516
0,0,-0.287525059,0.413144828
0,1,-0.533631923,-0.606185114
0,0,1.346196866,1.033363022
1,1,-1.797165535,-1.592763055
1,1,0.984129875,0.749918194
1,1,-2.387246321,-0.345143142
1,0,0.01594506,0.776338953
1,1,-0.413148529,0.06638758
1,0,-0.569509657,-1.033300432
1,1,-1.434687338,-0.005934683
1,0,-1.286961539,-0.565640815
0,1,0.484000429,-1.170883188
0,1,-1.841061789,-1.385414884
0,1,0.704509712,0.099991864
0,1,1.978015073,1.378780968
0,0,1.476857611,1.563239265
0,1,-0.898988563,-1.277296753
0,0,-0.001082725,-0.006924403
0,1,-0.049231111,-0.522417914
0,1,0.940439224,0.725932527
0,0,-0.168583688,-0.991173322
0,0,0.107130017,-1.335008458
0,0,-1.060284164,-0.76130054
0,0,0.26647239,-0.686908448
0,1,-0.288347471,0.518097337
0,0,-1.370641985,-0.192219299
0,0,-2.076785698,-2.486807461
0,1,-1.504078372,-0.106625779
0,1,1.013222708,1.336288595
0,1,-0.698217173,-0.359631945
0,0,-0.913689181,-0.207803895
0,1,-0.546379313,-1.048276254
0,1,2.594721455,-0.006924403
0,1,-0.783542444,-0.396767114
0,0,0.545372942,0.755153644
0,1,-0.395261063,-0.177486987
0,0,-0.003895636,0.792897586
0,0,-0.386214528,0.475483209
0,1,-1.085984547,0.523211033
0,0,-1.945405342,-2.203119123
0,1,0.494691788,-0.235442201
0,1,1.851774793,1.052113239
0,1,-0.226872156,-1.50546497
0,0,-0.555117443,-0.742672079
0,1,4.911765153,2.907288863
0,1,1.807775738,1.858129031
0,1,0.106102002,0.891031835
0,0,-1.131936831,-1.202539397
0,1,-0.462184859,0.392203028
0,1,-0.344271503,-0.298632865
0,0,1.534940476,-0.699449177
0,1,0.588549585,1.226831163
0,0,-0.670769165,0.219554932
0,1,-1.13789932,-0.223997263
0,1,-0.0082133,0.589689072
0,0,-0.095491799,0.224668627
0,1,0.016356266,0.524915598
0,0,2.789119149,0.77573018
0,0,-0.001082725,-0.006924403
0,1,1.378887752,1.646397692
0,1,-0.713945807,-0.673515437
0,1,-2.910300509,-2.648741147
0,0,-0.239002736,-0.698109876
0,1,0.910523979,1.190913541
0,1,1.31628162,-1.279123073
0,0,-0.215975193,-0.192462809
0,0,0.223604152,-0.763492124
0,1,-0.56971526,0.043375951
0,1,-1.506031601,-2.112533662
0,1,-0.472567814,-1.587284096
0,1,0.235426328,-0.255166454
0,0,1.340953988,1.353090737
0,0,-0.192742047,-1.314553676
0,0,-0.840083285,-0.854199339
0,1,0.282920635,1.219647639
0,0,-0.586677513,-0.1097914
0,1,-0.749515137,-1.883878427
0,0,-0.052109554,-0.096033125
0,0,-0.071230638,-0.816333643
0,1,-0.190172009,0.007336574
0,0,-0.53342632,-0.066568499
0,1,-0.534043129,-1.186346029
0,0,-0.084183631,0.606978233
0,1,-1.513741715,-2.292000018
0,1,-1.24604653,-0.019449449
0,0,0.585157135,-0.019936468
0,0,-0.246610049,0.66213309
0,1,0.15832518,-0.985572608
0,1,-0.045221851,-0.100538047
0,1,1.944707377,1.641040488
0,1,1.865447397,-0.217422512
1,1,-0.278067318,-0.923599491
1,0,1.037175465,1.371840953
1,0,-0.099398258,-0.006924403
0,1,0.459430863,-0.854564603
0,1,-0.521192938,-1.683957289
0,1,-0.040801385,-0.777980928
0,1,-0.342318274,-0.675220002
0,1,0.689397887,0.747483101
0,0,0.437122931,1.085474013
0,0,1.955912744,1.469853448
0,0,0.137456469,0.854383685
0,1,1.250385839,0.609169817
0,0,0.069607459,0.62365862
0,0,0.150101057,-0.209264951
0,1,0.583615112,0.09256483
0,0,-0.054165584,-0.909597706
0,0,2.184851752,1.846197075
0,0,1.56608934,1.149151696
0,0,2.099629283,0.955927064
0,1,0.682407383,-0.933583372
0,0,-0.76514097,-0.855416886
0,0,-0.327206449,-0.945393573
0,1,-0.265628333,-0.176391195
0,0,1.155911232,0.014641853
0,0,-1.004874139,-0.140960591
0,0,-0.167658474,0.570695347
0,0,-1.161235267,-0.259306112
0,1,0.42632877,0.829180472
0,0,-0.244451217,-1.741668994
0,0,-0.658535782,0.176210276
0,1,-0.445222606,-1.979455828
0,0,1.8589709,0.347640825
0,0,0.045037893,-0.011048378
0,0,-0.39443865,-0.245060818
0,0,0.064775787,-0.598636326
0,1,-0.73563693,-1.399903687
0,0,2.207879295,-0.143882703
0,1,1.906156803,1.573953675
0,0,-0.700067601,-0.139134271
0,0,-0.22111527,0.22028546
0,1,-0.928595403,-2.249994664
0,0,-1.568637733,-0.366206696
0,1,0.434552892,-1.041457993
0,0,-0.20836788,-1.47222595
0,1,0.241491618,0.270691885
0,0,1.039334297,0.643139364
0,0,-0.758356069,-0.604724058
0,0,-0.472876218,-0.915685438
0,0,-0.603742567,-0.972666615
0,0,0.496747818,-0.480534314
0,1,-1.311633906,-1.902141624
0,0,0.000833235,-0.709554813
0,1,-0.293179143,-0.590965783
0,0,0.111858888,0.189116269
0,1,-0.014895399,0.788149154
0,0,-1.003846124,-0.580860147
0,1,-0.420344636,0.264482398
0,0,-1.099965555,-0.08726679
0,0,2.519367933,2.193076077
0,1,0.483075215,-0.077161154
0,0,0.380170883,1.010351393
0,1,-0.727515609,0.276657863
0,0,-0.703768456,0.614040003
0,0,0.857683992,1.293674467
0,0,-0.41859701,-0.884516248
0,0,0.931701094,1.200166895
0,0,-0.983594222,0.195447511
0,0,-1.096778707,-1.313092621
0,0,-1.639159583,-2.842209288
0,1,-0.368841069,-0.165920295
0,0,0.009057357,0.7984983
0,0,2.661953656,2.25517095
0,0,0.708621773,1.228779238
0,0,0.409263716,1.098501761
0,0,-0.974753291,-1.058625399
0,1,1.217489349,1.274193723
0,0,-0.383541688,-0.096885407
1,0,1.804177684,1.277968117
1,1,1.869765061,1.331661918
1,1,1.367065576,1.515389687
1,0,0.243958855,0.80008111
1,1,1.438204235,1.294770259
0,0,-0.880278684,-1.21885452
0,0,0.527279873,-0.271481577
0,0,-0.367915855,0.085990079
0,1,0.383871738,0.332665003
0,1,1.171948271,1.304632386
0,1,-0.152443847,-0.298267601
0,1,-0.1828731,0.091103775
0,1,-0.173518161,-1.43192516
0,0,-0.512249204,0.269717848
0,0,-0.396803086,-1.831036908
0,1,0.227305007,0.943873353
0,0,-0.069277409,0.739325539
0,0,-0.646610805,-0.694091973
0,1,-1.169973397,-0.368763544
0,1,-0.213302353,0.651418681
0,0,0.724042002,1.33616684
0,1,-1.570179756,-0.693970218
0,0,-0.872054561,-0.661705235
0,1,-1.697962058,-0.774693552
0,1,-0.020549484,-0.039538966
0,0,-1.906546364,-2.211398439
0,1,-0.323813999,-0.854077585
0,1,0.426534373,-1.070192091
0,1,0.362694622,0.826623624
0,1,0.808030853,0.127386661
0,1,-0.001082725,-0.006924403
0,0,0.353750889,0.44540981
0,1,-0.828877919,-0.861748128
0,0,-0.723711953,0.680883306
0,0,-0.991921146,0.362860157
0,1,-1.263625592,-1.780630482
0,0,0.584129119,0.399751816
0,1,0.207669914,0.381853882
0,0,-0.678273676,-1.324537558
0,0,-1.074676378,-1.843212373
0,0,0.954728637,1.577971578
0,0,0.049047153,0.815909215
0,1,0.123475461,-0.434754565
0,0,0.083691268,-0.414299784
0,0,0.163876462,0.865950376
0,0,0.443393824,-1.113171483
0,1,-0.308702174,-0.879402552
0,0,-3.304235974,-2.308315142
0,0,-0.689787448,0.620127735
0,0,-0.863522034,-0.965117827
0,1,-1.061414981,-1.247345109
0,1,-0.474109837,-0.933826881
0,0,-0.581434635,0.929749814
0,0,-1.491433783,-2.10620242
0,0,-1.385651008,-1.884000181
0,1,-1.384314588,-2.10985506
0,1,-0.47503505,0.285911217
0,1,-0.493744929,-1.420358469
0,1,-0.634377423,-0.160806599
0,0,1.291095245,0.979182202
0,1,-0.454371943,-0.774206533
0,0,-9.433777235,-5.546258343
0,1,0.665033924,0.782183176
0,1,2.279120756,2.088488832
0,0,0.570456516,1.017778427
0,1,2.012556387,1.972456649
0,1,-0.488399249,-0.922503699
0,1,-1.457714881,-1.361185708
0,0,-1.475807951,-1.973611605
0,1,0.396207921,-1.108544806
0,0,-1.80621207,-0.640641681
0,0,-0.358972122,-0.5063463
0,0,-0.001082725,-0.006924403
0,1,-0.512352006,-1.378109605
0,1,-0.972286054,-1.258911801
0,1,-1.28367189,-1.059721191
0,0,1.064726275,-0.289136002
0,0,0.52039217,0.296503872
0,0,-0.135892801,0.685144719
0,0,-2.407909429,-0.006924403
0,0,-0.022708316,-0.586339106
0,0,0.164904478,0.564485859
0,0,-0.041212591,-0.431345435
0,0,-0.504744693,-1.274252887
0,1,-1.104386021,-1.879860523
0,0,0.504560735,0.385263012
0,0,-0.221423674,0.647887796
0,1,-1.722223219,-1.376405039
0,1,0.90857075,0.69196298
0,0,-0.92705338,0.265334681
0,1,-0.122322999,0.716192155
0,1,-1.182412382,-2.416920291
0,0,-1.238130812,-1.102944092
0,1,0.512476452,0.36346893
0,0,0.350152836,-1.178918995
0,1,-0.664909477,-1.645848083
0,0,-0.754244007,-0.006924403
0,0,1.57616389,1.75731618
0,0,-0.195928895,-0.795148333
0,0,-2.608064009,-1.31674526
0,1,-0.721450319,-0.168477142
0,1,0.503738322,0.384897749
0,1,0.194716921,0.154781457
0,1,-0.202405391,0.183272046
0,0,-0.925100151,-1.733876696
0,1,0.822731472,0.60429963
0,0,0.670276802,0.960553741
0,1,-0.385392116,-0.668767005
0,1,1.069557947,0.782061422
0,0,0.380170883,0.960066722
0,1,0.2335759,0.128969471
0,0,0.13683966,0.029008902
0,0,2.787782729,2.309838788
0,1,0.719621537,1.442093387
0,0,0.062514153,0.620492999
0,0,-0.665012279,0.454784918
1,1,0.55935395,0.887135686
1,1,1.31628162,1.468148883
1,1,1.976678653,1.906587382
1,1,0.845964618,1.288560772
1,1,0.368759913,1.005359452
0,1,1.29006723,1.33093139
0,1,1.024530876,1.240467684
0,0,0.455832809,-0.013361716
0,0,0.767629851,1.05320903
0,0,-0.201994185,0.656288867
0,0,0.750667599,0.391716009
0,1,0.367629096,0.577270098
0,1,-0.663881462,-0.651721354
0,0,-0.09621141,0.199221905
0,0,0.113914918,0.718383739
0,1,0.417796243,0.85060929
0,1,-0.183181505,0.840625409
0,1,-0.197162513,-1.147871559
0,1,1.412915059,1.425413
0,1,0.523784621,-0.406385731
0,0,0.219697693,0.739203784
0,1,0.75611608,1.375250083
0,0,0.061486138,-1.203878698
0,0,0.773283936,-0.164459239
0,1,-0.524585388,-1.836394113
0,0,-1.377940894,0.194838738
0,0,-0.063212119,-0.53617619
0,1,-0.429185568,-3.331906496
0,0,0.811012097,1.449520421
0,1,-0.085931257,0.958483912
0,0,-1.0895826,-0.228136922
0,1,0.982793455,0.618544925
0,0,0.20602509,0.255229045
0,1,-0.144733733,-0.219370587
0,0,-1.119395044,-1.297751535
0,1,1.739515522,1.853624109
0,1,-0.400092735,-0.109182627
0,1,-0.250824912,-0.491979251
0,0,1.209265227,0.591271883
0,1,-1.834071285,-1.387484713
0,0,-0.921810502,0.368217361
0,0,-0.838027255,0.052385795
0,1,-0.190377612,0.326942534
0,0,-1.26084995,-0.383130593
0,0,-0.373158734,-1.209357658
0,0,-1.036023003,-1.323441766
0,0,0.786853738,0.58360134
0,1,-1.451443988,-1.502542858
0,0,0.451515145,0.991114158
0,1,1.129594041,0.973581488
0,0,-1.756558931,-1.227864365
0,1,0.234706717,-0.607767925
0,1,0.631109419,0.868020206
0,1,0.691556719,0.144554067
0,1,-0.627695323,-0.203177218
0,1,-0.585032688,-0.743159097
0,1,-1.882593607,-0.502815415
0,0,-0.877914249,-1.738503373
0,0,0.080401619,-0.591818065
1,1,-0.369457878,0.70925214
1,1,-0.745197473,-0.586460861
1,0,0.374413997,1.158770313
1,0,-0.487679639,0.682953135
1,0,-0.166322054,0.722158133
1,1,1.575033073,1.756829161
1,0,0.78161086,1.185069318
1,1,0.18587599,-0.100659801
1,0,0.371432753,0.956292328
0,1,-0.415615766,0.4124143
0,1,-0.213199552,-0.467993585
0,1,0.980634623,0.496912028
0,0,-0.159845558,0.699877032
0,0,0.637071908,1.021552821
0,1,-0.429905178,-0.771162667
0,1,-0.004718048,-0.61129881
0,1,-1.158665229,-0.25821032
0,1,0.794049845,1.08985718
0,0,0.638716732,0.795819697
0,1,0.071663489,0.800568129
0,0,-1.24738295,-1.051563629
0,0,-0.622349644,-2.618424239
0,0,-0.310244197,-1.516666398
0,0,-1.026873667,0.101087656
0,1,-0.551930595,-0.942471462
0,0,0.480607978,-0.601314928
0,0,0.043804275,1.01497807
0,1,0.025299999,0.17657554
0,0,-0.337280999,-0.610203018
0,0,-0.233040247,-0.866740068
0,0,-1.889789714,-1.937815737
0,1,0.526354659,0.872768637
0,0,-0.105874754,0.849148235
0,1,0.653828557,0.877882332
0,0,0.424478342,0.254742026
0,0,-0.497548586,-0.247130647
0,1,0.650950114,-0.343438576
0,0,1.736431476,1.568352961
0,1,0.522242598,0.254620271
0,0,2.160076583,1.530365509
0,0,0.337302644,-0.36681547
0,0,1.221293006,0.244271126
0,1,0.563774416,-0.112226493
0,0,-0.089220906,-0.112104739
0,0,0.851721503,-0.759230711
0,0,-0.012530964,-0.015918564
0,0,-1.852369957,-1.030500075
0,0,1.808803753,0.404500247
0,0,-0.001082725,-0.006924403
0,1,0.284668261,0.646792004
0,0,-0.480791936,0.283354369
0,1,-0.629031743,0.143458275
0,0,-2.533327296,-2.408762729
0,0,-0.75640284,-1.559889299
0,0,-0.634480224,-0.374607767
0,1,-1.885574852,-0.574528905
0,0,-1.077040813,-0.71259868
0,0,-0.048100294,0.899432906
0,1,-0.62677011,0.174627465
0,1,-2.538056166,-2.931577202
0,0,-0.979584962,-1.292272575
0,1,-0.355888076,0.091225529
0,1,-0.001082725,-0.006924403
0,0,0.999652906,0.329012364
0,0,0.234706717,-0.406507486
0,0,-0.692974295,-0.525948799
0,1,-0.896932532,-0.093963296
0,1,1.3552434,1.03226723
0,0,-2.388788344,-0.847259324
0,1,-0.688039822,-1.014428461
0,1,-0.411503704,0.41424062
0,1,0.272332077,0.108027671
0,1,0.200576609,0.278118919
0,1,-0.791560963,0.651296926
0,0,-0.074623089,0.711808988
0,0,0.507233574,1.216603773
0,1,-0.336458587,-0.302894278
0,0,-0.048408698,0.748335383
0,1,0.764031798,-0.050253376
0,1,0.301836116,0.498251329
0,1,0.118129781,0.297599663
0,1,1.250283038,1.187869675
0,0,-0.532398304,-0.539098301
0,0,-0.333066137,-0.834718595
0,1,0.3746196,0.610509118
0,0,1.645246518,1.359787243
0,1,0.182277936,-0.421726817
0,0,-0.101248685,-2.567774304
0,0,-0.239825148,0.192038381
0,0,-0.187601971,0.813595876
0,1,0.226482594,0.118255062
0,1,-0.458381202,0.444070509
0,1,0.454393588,-0.378747425
0,1,-0.457867195,0.721062341
0,1,1.520548261,-0.148752889
0,0,-1.142730992,0.246827974
0,0,0.679837344,0.612457192
0,1,-1.075190386,0.125316832
0,0,-0.921913304,0.346058015
0,0,0.460664481,-0.137064442
0,0,-1.298166906,0.229538813
0,0,-0.476885478,0.202509281
0,1,0.587932776,0.773782105
0,0,-0.270974012,-1.8530745
0,0,0.31283588,0.080389365
0,1,0.528102285,1.125044275
0,0,0.566858462,-1.08455914
0,1,0.000730433,-0.588895954
0,1,1.837074174,1.196757764
0,0,-0.250413706,0.53465597
0,1,-1.871491042,-1.579857062
0,0,0.671716023,-0.070342893
0,0,-0.118622144,0.54171774
0,1,-1.198141017,-1.331964592
0,1,-0.984005428,-1.62612383
0,1,1.762748668,1.259948429
0,0,-0.188629986,0.435791193
0,0,0.080710024,-0.901196635
0,1,3.704155573,2.205616806
0,0,-0.073492272,-1.26256444
0,1,1.012605899,1.03409355
0,0,1.687086741,0.094878169
0,0,-0.173929367,0.920131196
0,1,-0.978248543,-1.706725409
0,0,-0.378915619,-1.093690739
0,0,-0.42394269,0.459168086
0,0,-1.904387532,-1.639395087
0,0,0.523990224,0.469151967
0,1,-2.076374492,-2.209815629
0,0,-0.247535263,-0.306912181
0,1,-0.738618175,-1.090281609
0,0,0.087597727,0.379905808
0,0,-0.805953177,0.569599555
0,1,-1.76056819,-0.525218271
0,0,-2.211044497,-1.425715673
0,0,0.700192047,1.099354043
0,0,0.988241936,1.350533889
0,1,-0.788579719,-1.699663639
0,1,0.302247322,-0.226067092
0,0,0.629670197,0.565459897
0,1,-1.858024041,-2.357504021
0,1,0.768349462,-0.07862221
0,1,0.82663793,1.003411378
0,1,1.474904382,1.411411215
0,0,-0.001634002,0.164887093
0,0,0.125531491,1.126018312
0,0,-0.184929131,0.437374003
0,1,-0.449231866,0.448088413
0,1,-1.708550616,-0.125132486
0,1,-1.977171015,-1.44970134
0,0,-0.928801006,-0.905336293
0,1,0.235734732,-0.763248615
0,0,-0.585957902,0.489241485
0,1,-0.129930312,0.109001708
0,0,-0.338309015,-0.660974707
0,0,-7.912725789,-6.23173703
0,1,-0.006979682,0.640582517
0,0,-0.962108702,-0.051836186
0,0,0.042365053,0.40535253
0,1,0.781302455,1.260435447
0,1,0.735555774,0.390254953
0,1,2.071770068,1.570544544
0,0,-1.060798172,-0.925060546
0,1,-0.726795999,-1.748243745
0,1,-0.591406383,0.361033837
0,1,-0.001082725,-0.006924403
0,0,0.431366045,0.604908404
0,1,-2.340266021,-1.879495259
0,1,-1.681513813,-2.113507699
0,1,0.209211937,-0.17103399
0,0,-0.218648033,0.145893368
0,0,0.568503287,0.023164679
0,1,3.006235982,1.730773666
0,0,0.93077588,0.72678481
0,1,-0.495081349,-0.62858797
0,0,0.070738276,0.322194103
0,0,0.356629332,0.270570131
0,0,0.234192709,0.795941452
0,1,-0.28762786,-0.155814659
0,1,0.718696323,0.453323863
0,0,1.204433555,1.369162351
0,0,-1.070564317,-0.150335699
0,0,-0.504847494,0.298086682
0,0,-0.904334242,-0.856999696
0,1,0.896337368,1.033728286
0,1,0.221650922,-0.890116962
0,0,-0.894568097,-1.142027335
0,1,0.469505413,0.495816236
0,0,0.383666135,0.760267339
0,0,-0.510912785,-1.000183166
0,1,-0.434325644,-1.218367502
0,0,0.722397178,-0.199281069
0,0,-1.661056309,-1.9787253
0,0,0.169838951,-0.691291616
0,1,0.730415697,0.911243107
0,0,-2.368844847,-0.129880918
0,0,0.072897108,-0.753629997
0,1,-0.281870974,-1.85648363
0,1,-0.689993051,-1.505830234
0,0,0.541980492,0.049341929
0,0,0.856964382,1.419203513
0,0,-2.440805918,-2.469153036
0,1,-0.969613214,-2.299183543
0,1,0.205408281,0.109123463
0,1,-0.77860797,-1.569507917
0,0,0.040720229,-1.313579639
0,0,0.07639236,0.375035622
0,1,-1.572646992,-1.142757863
0,1,-0.088604097,-0.011291887
0,0,0.100036712,0.53623878
0,1,-0.392485421,0.825040814
0,0,-2.19377384,-1.664720054
0,0,0.446889076,1.114938639
0,1,0.078962398,1.105685285
0,1,0.715509475,0.72861113
0,0,0.141671332,-0.439381242
0,1,3.810452355,2.327249703
0,0,1.622424578,0.947282484
0,1,0.568400485,-0.278786857
0,0,1.399036852,0.925488401
0,1,0.608904288,1.521233911
0,0,0.189371242,0.700851069
0,0,0.89109449,1.081821373
0,0,-0.001082725,-0.006924403
0,1,-0.228002972,-0.180165589
0,0,0.591736433,1.152804335
0,0,1.226227479,1.30317133
0,1,1.191274959,0.009893422
0,0,-1.218804124,-1.660458641
0,0,0.509495208,0.915748029
0,0,0.176726654,-0.851764246
0,0,1.096594749,0.139683881
0,1,-2.069692393,-1.238457019
0,0,-1.93111593,-0.851033718
0,1,-1.170281802,-1.664476545
0,0,0.5559615,0.986243972
0,1,1.338692354,1.226344145
0,0,0.040411824,0.93802913
0,1,1.111089765,0.729706921
0,0,-0.014998201,0.15904287
0,0,0.757863706,1.225126598
0,0,2.890275855,1.876513984
0,0,1.207928807,0.545492134
0,0,1.478399634,-0.712963944
0,0,0.444421839,1.113842847
0,1,-1.627131804,-0.945150064
0,1,-1.436537766,-0.333819959
0,0,-0.202199788,-0.450704424
0,0,0.155960744,0.963110588
0,1,0.449459114,0.839286108
0,1,-0.612480697,-0.372659693
0,0,0.053776023,-0.427327531
0,0,-1.082900501,-0.22521481
0,1,-1.194748566,-0.379599708
0,0,0.24365045,-0.44534722
0,0,1.042726747,0.619518962
0,1,-2.078636126,-1.279975355
0,1,-0.340159442,0.269109075
0,0,0.269762039,-0.944663045
0,1,-0.571668489,-0.800140274
0,0,0.414712197,-0.559553083
1,1,-0.123865022,0.916843821
1,0,0.073925123,0.675769611
0,1,0.229772243,0.085868325
0,0,-1.707111394,-0.829483145
0,1,-0.176293802,-0.614342676
0,1,1.027306518,1.040424792
0,0,0.600166158,-0.171886273
0,0,-1.574600222,-2.066875668
0,1,-1.25817711,-1.358141842
0,1,2.671514198,1.907074401
0,1,-0.001082725,-0.006924403
0,0,-0.001082725,-0.006924403
0,0,-0.001082725,-0.006924403
0,0,-0.001082725,-0.006924403
0,0,0.720957957,0.831615565
0,0,2.411837532,0.435425929
0,0,0.164596073,-0.806715025
0,1,0.16706331,0.016955192
0,0,0.068271039,0.547561963
0,0,0.733910949,0.912704163
0,1,-1.676373737,-2.482667803
0,0,-1.185702031,-1.746660935
0,1,0.151437477,0.58883679
0,0,0.299574483,-1.110614635
0,1,-0.859923981,-1.403678081
0,0,0.862412863,-1.207531338
0,1,-0.001082725,-0.006924403
0,0,2.369277698,0.656045357
0,1,1.127126804,1.285151641
0,0,1.765421507,0.788149154
0,1,-0.001082725,-0.006924403
0,1,1.271768557,1.348098796
0,1,1.201246707,0.592854693
0,0,0.245089671,-0.645877131
0,1,-0.499296212,-1.279488337
0,0,-0.454577546,-0.786990772
0,0,-0.305309723,0.712052497
0,1,-0.976192512,-1.001400713
0,1,-1.006416162,0.205553147
0,1,-1.271746912,-1.306152606
0,0,1.338383949,0.723010416
0,0,-1.22188817,-1.208992394
0,0,-0.003381628,-0.628344461
0,0,-0.700478807,0.112289084
0,0,-0.392999429,-0.797826936
0,0,1.156116836,1.272610912
0,1,0.879477917,-0.923355981
0,0,-0.984827841,0.064074242
0,0,1.374981294,-0.103825422
0,0,-0.160565168,-0.231302542
0,1,0.546606561,-0.225458319
0,1,0.125017484,0.84902648
0,0,-1.30916667,-0.139256026
0,0,-1.34884806,-1.427785502
0,1,-0.064034531,0.162939019
0,1,-2.360517923,-1.51593587
0,1,0.752929233,0.573860968
0,0,0.09787788,-0.181626645
0,0,0.744807912,-0.830944201
0,0,0.925018995,0.278971202
0,1,-0.019418667,-0.517060709
0,0,-0.043988233,0.34776258
0,1,0.01800109,-0.374973031
0,0,-1.038798644,-1.179649523
0,0,1.413943074,0.755884172
0,0,-0.483978784,0.035461899
0,1,0.229463839,0.366147532
0,1,0.466421367,0.62024949
0,0,-1.357791794,-2.198979465
0,1,-0.606826613,-0.488448366
0,1,2.610450089,1.377319913
0,1,-0.746019885,0.520167166
0,1,-0.450054278,0.699390013
0,0,1.145836682,1.343593874
0,1,-0.105360746,-0.584756296
0,1,0.352517271,0.575687287
0,0,-0.253806157,0.180958707
0,1,-0.42332588,0.58518415
0,0,0.827768747,0.770738239
0,1,-1.283260684,-2.141389515
0,0,0.984541081,1.097284214
0,0,-0.709525342,-0.243843272
0,1,-0.893642883,-0.897543995
0,0,0.967064821,0.913556445
0,0,-0.448101049,-0.980458913
0,1,0.014300235,0.800811638
0,0,0.090064963,-1.191459724
0,1,-0.138257236,0.462698971
0,0,-0.06732418,-1.242353168
0,0,-0.487885242,0.708034594
0,0,-0.851288652,-1.256476708
0,1,-0.776449138,-0.997504564
0,0,-0.646405202,0.513227151
0,1,-0.425381911,0.262290815
0,0,-0.945557656,-0.962926243
0,0,0.036710969,0.785348797
0,0,-0.784056451,-0.854929867
0,0,-1.053499263,-0.959273604
0,1,-0.996341612,0.386115295
0,0,0.404740448,0.598455407
0,1,0.094279826,1.031780212
0,1,-0.149565405,-0.070586403
0,0,0.083691268,0.881291463
0,1,-0.227488965,0.544639851
0,0,0.48677607,0.412657809
0,1,0.945784904,-0.089336619
0,1,-0.255450981,0.683440154
0,0,-2.729986624,-2.519559462
0,0,1.268273305,-0.032111933
0,1,0.106924414,-0.316165535
0,0,0.452954366,0.94143826
0,0,0.259893092,0.479988131
0,0,0.660407855,0.604056121
0,1,-0.001082725,-0.006924403
0,0,-0.387345345,0.122759984
0,0,-0.130649923,-0.037103873
0,0,-1.854939995,-1.17015266
0,1,-0.491894501,-0.287431437
0,0,0.648277274,-0.495631891
0,1,-0.001082725,-0.006924403
0,1,-0.57506094,0.343014148
0,1,-1.282952279,-1.285819579
0,0,-0.505155899,0.373452811
0,0,-0.001082725,-0.006924403
0,0,1.688320359,-0.017744884
0,0,0.414300991,-1.503151632
0,1,-0.502483059,0.538186855
0,0,0.199856998,1.007429281
0,0,0.618259227,0.037288219
0,0,1.032035388,1.24375506
0,1,-0.072772661,-1.244788261
0,1,-0.943398824,-0.068881837
0,0,-0.391149001,-0.055001807
0,0,-1.831912453,-2.178889947
0,1,-1.017415926,-0.498554002
0,0,-2.788994702,-0.419291724
0,0,-0.097033822,0.274344525
0,1,1.136892949,0.054455624
0,1,0.04688832,-0.818646981
0,0,-0.569304054,0.597116106
0,1,0.394254692,0.689406132
0,1,-0.84306453,-1.10708375
0,1,-0.729263236,0.275927335
0,1,-0.710964563,0.037288219
0,1,0.097569475,0.837094524
0,0,-0.05190395,0.746874327
0,1,-0.993668772,-0.588895954
0,1,-0.361439359,0.763067696
0,1,-0.447895446,-0.029311576
0,0,-0.291225914,0.71814023
0,1,-1.889892516,-2.480963237
0,0,-0.869176119,-0.886951341
0,0,-0.06125889,0.767937882
0,1,-0.030829637,0.781209139
0,1,0.433936083,1.285395151
0,0,0.762078569,1.000489266
0,0,0.373180379,1.208567966
0,1,0.035477351,-0.855295131
0,0,0.506513964,-0.016527337
0,1,1.531753628,1.587103177
0,1,0.461075687,-0.011048378
0,1,1.906876413,1.750376165
0,1,-2.108859776,-3.190062328
0,0,1.072847596,1.387303794
0,1,-1.552909099,-1.471982441
0,1,0.188754433,-0.720756241
0,0,0.412861769,0.546587926
0,1,-1.274522554,-1.911151469
0,1,-1.473546317,-0.752534205
0,1,-1.382464161,-0.330410829
0,1,-1.774960405,-1.277540262
0,1,-1.484340478,-1.481722813
0,1,-0.862494019,-0.657565577
0,0,0.714378659,0.577148343
0,1,1.567117355,0.508113456
0,1,1.760795438,1.535844469
0,0,-0.156453107,-1.349010243
0,1,-0.8276443,-0.823638922
0,1,-0.001082725,-0.006924403
0,0,-1.953423862,-2.24938589
0,1,0.487906887,0.98173905
0,1,-1.80621207,-0.519861066
0,0,-0.724020357,-1.201078341
0,1,0.221445319,-0.6005844
0,1,-0.719085884,0.607343497
0,1,-0.001082725,-0.006924403
0,0,1.97513663,0.874351447
0,0,0.430440831,0.78072212
1,0,0.953186614,1.18433879
1,0,-0.438129301,0.327186044
1,0,-0.476165867,0.713148289
1,0,0.941981247,-0.94636761
1,0,0.235323526,0.896997813
1,0,0.48071078,0.978695184
1,0,3.014665707,2.383500352
1,0,0.685080222,0.790827757
0,1,-1.764166244,-0.476516411
0,1,0.914841643,1.192739861
0,0,-0.11163164,-0.272820879
0,1,-0.376037176,-0.345264896
0,1,0.349330423,0.644722175
0,0,-0.619059995,-0.783094623
0,1,0.214968823,0.888109723
0,1,0.087906131,0.933524208
0,0,-0.95594061,0.227590739
0,0,-0.553781023,-1.1018483
0,0,0.091915391,1.136489212
0,0,1.257787549,1.593677928
0,1,1.299524971,1.209298494
0,0,0.350358439,-0.718321148
0,0,1.285852367,1.404592954
0,0,0.563671615,1.090222444
0,1,1.700862146,1.484585761
0,0,2.171590355,1.99132862
1,0,1.552416736,0.972120433
1,0,0.490888131,1.134054119
1,1,2.339054048,1.636535566
1,1,0.444935847,0.686362266
0,0,-1.087012562,-0.106260515
0,1,0.594512074,1.154021882
0,1,-0.154191473,-0.077648172
0,1,1.289244818,0.580922737
0,1,-0.140416068,-0.242625725
0,0,0.23758516,-0.347334725
0,1,0.141260126,-0.74900332
0,0,0.572512546,-0.460688306
0,0,0.773283936,0.753814342
0,0,-0.114818487,0.593706976
0,0,-0.480791936,-0.043678625
0,0,-2.951523922,-2.070041289
0,1,0.235220724,-0.084222924
0,1,2.572105118,1.914136171
0,0,0.277369352,0.91526101
0,1,-0.592640001,0.189481533
0,0,-0.887885997,-0.492588025
0,0,-0.331215709,-0.149605171
0,1,0.333601789,0.38623705
0,0,0.025505602,0.654706056
0,0,-3.971006701,-4.119537337
0,0,-0.693693906,-1.644752291
0,1,0.607567868,1.033850041
0,0,-0.333477343,-0.88013308
0,0,-0.001082725,-0.006924403
0,0,1.664162,1.518920572
0,0,0.188754433,0.272883469
0,1,-0.230675812,-0.362432302
0,0,-0.6932827,-1.331112309
0,1,-0.135789999,0.262534324
0,0,-2.785602252,-2.296870204
0,1,-0.001082725,-0.006924403
0,1,1.128668827,0.838068561
0,0,-0.254628569,0.381853882
0,1,-0.100117868,0.273005224
0,0,0.3544705,-0.887925378
0,1,0.121316629,0.47000425
0,0,-0.355682473,-0.517547728
0,0,-1.262597576,-1.402825799
0,1,-0.530445075,-0.940766897
0,0,0.72188317,-0.299850411
0,1,1.239180472,1.283568831
0,1,0.238407572,-0.279030366
0,0,0.019851518,0.249750085
0,0,-0.102173899,0.121177173
0,0,2.252700762,1.347368268
0,1,0.464056932,0.619153698
0,1,-1.679560584,-1.76041921
0,0,1.613686448,1.099475798
0,0,-0.408728063,0.49094605
0,0,-0.001082725,-0.006924403
0,0,1.074595222,0.23075636
0,1,-0.523762976,-0.641006945
0,0,0.015328251,0.026452055
0,0,-0.124893037,0.715096363
0,0,1.361719897,-0.109547891
0,0,0.080196016,0.829545736
0,0,0.886468421,0.375400886
0,1,0.232856289,0.84561735
0,1,1.796261967,1.878340303
0,1,-0.234273866,0.16427832
0,0,-0.007699292,0.79119302
0,1,-0.876269424,0.066022316
0,0,0.728462468,0.558154618
0,0,0.374825203,0.454541409
0,1,0.592661646,0.549388283
0,0,-0.492100104,-1.671294805
0,0,-1.950237014,-2.482059029
0,1,1.100090001,1.122487427
0,1,0.934476736,0.240009713
0,0,-0.603434162,-0.776276362
0,1,0.971176882,1.519164082
0,1,-0.81551372,-0.063524633
0,0,2.457070205,1.558003815
0,1,1.233526388,1.029588628
0,0,-0.162209993,-0.093598032
0,1,0.803096379,0.666150993
0,1,-0.223376903,0.521262958
0,0,-0.126743465,-1.386388921
0,1,0.783461287,-0.444373183
0,0,-2.267585339,-1.714395952
0,1,-0.551005381,0.40376972
1,1,1.135453728,1.339088952
1,1,-0.74972074,-1.65753653
1,1,-0.313431044,0.155024967
0,0,0.972924508,1.494813151
0,1,-0.41592417,-0.266976655
0,0,0.35981618,0.800202865
0,0,-0.085314448,0.10327924
0,1,0.511551239,0.589567318
0,0,0.548970996,1.134175874
0,0,-0.06331492,-0.133655312
0,1,-0.177630222,0.516027508
0,0,1.22221822,1.150490997
0,1,-0.508548349,-1.452014678
0,0,-0.893231677,0.20457911
0,1,0.434141686,-0.299606902
0,1,-0.057558035,0.970781131
0,0,0.333396186,-1.311996829
0,1,-1.885060844,-2.571913962
0,0,0.460458878,1.196270746
0,0,0.026122411,-0.15009219
0,0,1.491866634,-0.090797675
0,1,-0.510912785,-2.174993798
0,1,-0.269637592,0.618544925
0,0,0.224940571,-0.395549567
0,0,-0.374392352,0.832954866
0,0,-0.517594884,-0.801844839
0,0,0.862721267,0.61659685
0,1,0.855422359,0.688919113
0,0,1.666012427,0.619031943
0,0,2.894079512,1.777527452
0,0,-0.870820943,0.61684036
0,1,1.34043998,1.37805044
0,1,-0.692665891,-0.010074341
0,0,0.048533145,0.015737645
0,0,4.911765153,2.982776747
0,1,-0.039670568,0.77731299
0,1,-0.078426745,-0.20768214
0,1,0.032598908,-0.951481306
0,1,0.87433784,1.426752301
0,1,-0.527669434,0.66554222
0,1,-0.5052587,-0.225336565
0,0,1.704254597,1.093388065
0,0,1.443138709,0.39122899
0,1,0.815124159,-0.058289183
0,1,-0.388681765,0.076980235
0,0,-1.035508995,-1.228473138
0,0,-0.001082725,-0.006924403
0,0,1.039745503,0.769155429
0,0,-2.131476113,-0.336011543
0,0,0.70574333,0.145771613
0,1,-0.334196953,0.12081191
0,1,1.768402752,0.663594146
0,0,-0.79742065,0.321707084
0,0,-0.270665608,0.978695184
0,1,1.658096709,1.566648396
0,1,0.470225023,-0.480047295
0,1,0.45922526,0.692571753
0,1,-0.781589215,-1.570847218
0,0,0.940336423,1.194931445
0,0,-1.040443469,-2.355190682
0,0,-2.116364288,-0.894134865
0,1,0.103429162,-1.857335913
0,0,-1.349567671,-1.792927702
0,0,-0.079351959,-0.195993694
0,1,-0.839672079,-1.055216269
0,0,0.420469083,-0.066446744
0,0,0.456758023,-1.024168833
0,0,-1.107161662,0.010745705
0,1,-0.147200969,-1.916021655
0,1,0.529233102,-0.056949882
0,0,-0.347149946,-0.160806599
0,0,4.614257523,3.039270905
0,1,-0.722992342,0.479866377
0,0,-1.552909099,-1.536755915
0,0,-0.001082725,-0.006924403
0,1,-0.645377187,-1.561837374
0,1,-0.001082725,-0.006924403
0,1,-0.491688898,0.434695401
0,1,-0.001082725,-0.006924403
0,1,0.246220488,-1.249293183
0,0,-2.130550899,-2.208232818
0,1,-1.298680913,-2.022313465
0,0,-1.902639906,-0.657443823
0,1,-0.372850329,-0.436824394
0,1,-0.712506586,0.736038163
0,1,-0.488810455,-0.915076665
0,0,-1.376398871,-0.579399091
0,1,2.145478766,1.602566018
0,1,-0.751571168,-0.080935548
0,0,1.148509522,1.269323537
0,0,-0.131472335,-0.596079478
0,1,1.682871878,0.583723094
0,0,0.298546467,-1.176118638
0,1,0.522962209,1.148055904
0,0,-0.042960217,1.027518799
0,0,1.672591725,1.497369999
0,0,0.15770837,0.963841116
0,0,0.202427036,0.706573538
0,0,0.539410454,0.822605721
0,0,0.195744937,0.376618432
0,0,0.398263952,0.917574349
0,0,-0.001082725,-0.006924403
0,1,-0.071230638,-0.237755539
0,0,-1.549825053,-1.955470162
0,1,1.487651772,1.240832948
0,1,-0.13250035,0.585914678
0,0,-1.128647182,-2.099262405
0,0,-1.871285439,-1.634281391
0,1,0.15770837,-0.465071473
0,1,-2.212072513,-1.565977032
0,0,-0.401943162,-0.048183547
0,1,-0.817672552,-0.517304219
0,1,0.436094915,1.084986994
0,1,-0.347972359,0.693424035
1,1,0.345835171,0.810186746
1,1,0.465598955,0.972120433
1,1,0.388189402,1.013882278
1,1,-0.001839605,-0.262836997
1,1,1.084875375,1.31705136
1,1,1.387934287,1.499318073
1,0,-0.291945524,0.79326285
0,1,-0.919034861,-0.908623669
0,0,-1.372903619,-1.45834592
0,1,0.407413288,-1.204243962
0,1,-0.389915383,0.172070618
0,1,2.791483584,1.85861605
0,1,-0.167555672,-0.883420456
0,0,0.015122648,0.121907701
1,1,0.421188693,0.977964656
1,0,-0.025072751,0.582383793
1,1,0.280864604,0.967128492
1,0,-0.222348888,0.697807203
1,1,0.519878163,0.341553093
1,0,-0.081613593,0.683561909
0,1,-0.791046955,-0.852981793
0,1,-1.140058152,-1.206070282
0,1,0.084513681,-0.715886055
0,0,1.072847596,1.286734452
0,1,-0.545454099,-1.460415749
0,0,-0.413970941,-0.203177218
0,1,0.393021074,0.014641853
0,0,-0.976603718,-0.656956804
0,1,-0.390943398,-1.526528525
0,1,-2.955019174,-1.039996937
0,1,-0.118210938,-0.049279339
0,0,-0.498370998,-0.398471679
0,1,-0.509473563,0.497399046
0,1,0.480607978,0.500564667
0,1,-1.219523735,-0.780294266
0,1,1.283076726,1.478863292
0,0,1.23969448,1.459991321
0,0,-0.88675518,-1.868172077
0,0,-0.756814046,0.540621948
0,1,-0.052006752,0.620980018
0,1,-0.205900643,0.201778753
0,0,0.148559034,-1.402704044
0,0,1.029773754,1.242781023
0,0,-0.261619073,-0.320548702
0,1,-0.001082725,-0.006924403
0,1,-0.001082725,-0.006924403
0,1,-0.001082725,-0.006924403
0,1,-0.001082725,-0.006924403
0,1,-0.001082725,-0.006924403
0,0,-0.001082725,-0.006924403
0,1,-0.001082725,-0.006924403
0,0,-0.001082725,-0.006924403
0,0,-0.001082725,-0.006924403
0,1,-1.146123442,-0.333211186
0,0,-0.377784802,0.353363294
0,1,0.405151655,0.920618215
0,1,0.955551049,1.260800711
0,1,0.043598671,-0.142421647
0,0,-0.587499925,-0.630901309
0,0,0.956167859,-0.336376807
0,0,-0.302534082,0.210058069
0,0,-0.408419659,-0.107721571
0,0,0.038458595,0.710713196
0,0,0.399394769,0.067726882
0,1,-0.29297354,-0.477612202
0,0,-0.38837336,0.424224501
0,0,-1.547460617,-1.577056705
0,1,-0.51666967,-0.582564712
0,1,-0.582771054,0.339605018
0,1,-0.782206024,-2.091835371
0,0,0.539102049,1.154995919
0,1,1.058146977,0.651296926
0,0,0.706257338,0.951056878
0,1,-0.853755889,-1.207287829
0,1,-0.716618647,-2.649471675
0,1,-1.065835447,0.058960547
0,0,-0.789916139,0.103644504
0,1,0.991428784,0.249993595
0,1,2.074237305,1.621925007
0,1,-0.23725511,-0.390557627
0,0,-0.185957146,-0.006924403
0,1,-0.072361455,-0.08726679
0,1,-0.292253929,-0.68617792
0,0,-0.430213583,-0.932244071
0,0,-0.056427218,-0.085318715
0,0,-1.621580521,-1.055825042
0,1,0.229463839,-0.954646927
0,0,0.390656639,-0.539828829
0,1,0.536223606,0.834659431
0,1,-2.074626866,-3.056862739
0,0,0.647763267,-0.596444742
0,1,1.352262156,0.552919168
0,0,0.70101446,0.570938856
0,1,0.008748953,0.798376545
0,1,-0.001082725,-0.006924403
0,0,-0.901044593,-1.949869448
0,1,0.017178678,-0.098589972
0,0,-0.001082725,-0.006924403
0,1,-0.873904989,-1.762002021
0,0,-0.997986436,-1.192068497
0,1,-1.139030136,-1.600555353
0,1,-0.157789527,0.096947998
0,1,1.812915814,-0.534593379
0,1,2.518237116,1.99132862
0,1,-1.106236448,-1.510822175
0,0,0.528924697,1.150612752
0,1,0.067345825,-0.766048972
0,1,-0.656890958,0.483519016
0,0,-0.48038073,-0.566736607
0,0,0.086775314,1.134297628
0,0,0.677678512,1.014125787
0,0,0.552671851,0.884213574
0,1,-1.263008782,-1.579126534
0,1,-1.581487924,-0.894987148
0,0,-0.122220197,-0.989468757
0,1,0.292583979,-0.386296214
0,0,0.791479807,0.414484129
0,1,-0.713328998,-0.164946257
0,1,-1.118264227,0.307827054
0,0,0.291658765,0.954466008
0,0,0.506719567,0.813839386
0,1,-0.08408083,-0.746446473
0,1,-0.250619309,0.811282538
0,0,-0.056632821,-0.784799188
0,0,0.053776023,0.546344416
0,1,0.004328487,-0.758378429
0,1,-0.481511547,-0.622621992
0,0,1.178527569,1.58430282
0,0,-0.123659419,-0.849207399
0,1,0.258865077,0.429216442
0,0,0.592867249,0.876543031
0,1,0.333807392,-0.393601493
0,0,0.565316439,1.015465088
0,1,0.222062129,0.038140501
0,1,-0.502585861,-1.575230385
0,0,-1.629907445,-1.587771114
0,1,0.925430201,1.298057634
0,0,-1.186832848,-1.301891193
0,1,-1.501919539,-0.009465568
0,1,0.991942791,1.301832029
0,0,0.094896635,0.835876978
0,0,0.888216047,-0.064133406
0,1,0.904869895,1.314251003
0,1,-0.366682237,-0.19014947
0,1,0.211062365,0.710347932
0,0,-0.350233992,0.692449998
0,0,0.442674213,1.037624435
0,0,0.598829738,0.552066885
0,1,2.172926775,1.790676954
0,0,1.757711393,-0.465558492
0,0,1.262208015,1.343959138
0,0,1.934221621,0.23258268
0,0,2.884827374,1.974769987
0,0,-0.324328007,-0.302650768
0,1,0.45788884,0.717166192
0,1,0.312527475,-0.36498915
0,0,-0.008007697,0.86655915
0,0,0.127690323,0.900528697
0,0,-0.263366699,-0.530210212
0,0,0.930673079,1.149395205
0,1,0.43907616,0.78437476
0,0,-0.161901588,0.698902995
0,1,0.367731897,0.929506305
0,1,-0.22378811,-1.328068443
0,0,-0.530136671,-0.512921051
0,0,1.658610717,-0.584147522
0,0,-0.709628143,-0.414908557
0,1,0.012141403,0.170853071
0,0,3.605980111,-1.248440901
0,1,0.241697221,-0.748029283
0,0,0.329386927,-0.609228981
0,0,0.461692496,0.794236887
0,1,0.681070963,1.065871514
0,1,-1.250672599,-2.295774413
0,0,1.558893232,1.171189288
0,1,-0.688348226,-1.20314817
0,0,0.780480043,0.958240402
0,0,-1.02646246,-1.232125777
0,0,-2.214231345,-2.295043885
0,0,-1.608010719,-1.689801512
0,0,-0.580715024,-1.483427378
0,1,-0.59654646,-1.540652064
0,1,0.002889265,-1.60676484
0,1,-0.02568956,0.481449187
0,1,-1.391510696,-0.978389084
0,0,3.260464167,1.715554334
0,0,-0.694413517,-0.006924403
0,1,0.548148584,0.573373949
0,1,-0.001082725,-0.006924403
0,0,0.818413808,1.075368377
0,1,-0.512043601,-1.12644274
0,1,-0.001082725,-0.006924403
0,0,-1.063059805,0.281528049
0,1,-0.759589687,0.036314181
0,0,-1.155581183,-0.312147631
0,0,1.283487932,1.076464169
0,0,-0.001082725,-0.006924403
0,0,-0.070305424,0.638147424
0,0,1.286571978,1.304267122
0,0,0.953906225,1.260070183
0,0,2.104152551,1.5091802
0,1,-0.207853872,0.150641799
0,0,0.759714134,1.074881358
0,0,0.567680874,1.343593874
0,0,-0.28896428,-0.412960482
0,1,0.121316629,0.344231695
0,1,0.727537254,1.111285999
0,1,0.67151042,0.583723094
0,0,0.231519869,-0.362554057
0,0,-0.615873147,0.224668627
0,1,-0.585032688,0.263143097
0,0,-1.309063868,-1.599094297
0,0,-1.243887698,0.051898777
0,0,-0.485623608,-1.593006564
0,1,0.833011625,0.004901481
0,0,-0.20569504,0.252185178
0,0,-0.258843432,0.581288001
0,0,-0.001082725,-0.006924403
0,0,0.553494263,-0.36839828
0,1,-1.324586899,0.016833437
0,1,0.226790999,0.86814196
0,0,-0.177013413,0.063465469
0,0,0.343367935,0.667246785
0,0,-0.808112009,-0.789912883
0,1,1.632910334,1.404714709
0,1,0.822834273,1.052113239
0,0,0.297415651,1.0497999
0,1,0.423553129,0.475726719
0,1,0.557092317,1.011934204
0,1,0.738434217,1.36757954
0,0,1.432961357,0.764163488
0,0,1.070997168,0.418745542
1,1,1.777243683,1.467540109
1,1,0.965934004,1.491769285
1,1,1.146453492,1.419325267
0,0,-1.140263755,-1.953400333
0,1,-1.094722677,-1.707090673
0,1,-0.361953367,0.360303309
0,1,-0.038128545,0.778043518
0,0,-0.637461469,0.617814397
0,1,-0.537435579,0.01220676
0,1,-0.487062829,-2.089156769
0,1,-0.995930406,-0.293032151
0,1,-0.759589687,-0.768849329
0,1,-1.884238432,-1.102335319
0,0,-1.230729102,-1.766263433
0,1,1.04159593,0.405230775
0,1,2.091405161,1.654555254
0,0,0.367012287,0.331325702
0,1,0.291247559,1.223300278
0,0,0.53313956,0.724714981
0,0,0.715509475,-0.743037343
0,1,0.332676575,0.59224592
0,0,0.5962597,1.028979855
0,0,-0.054885195,0.348006089
0,0,-2.469898751,-4.420758344
0,0,-0.735842533,-0.255288209
0,0,-2.813153062,-3.597209882
0,0,-0.090248921,-0.615803732
0,0,0.063130962,0.449792978
0,0,0.122858652,-1.328068443
0,1,0.06364497,0.797158998
0,1,0.518747346,-0.149483417
0,1,-1.033555766,-1.680548159
0,0,-0.56436958,-1.903967944
0,1,-0.027951194,-0.513164561
0,1,-0.81284088,-2.381854951
0,0,0.093354612,-0.503058925
0,0,-0.711786975,-1.271330775
0,0,-2.14268148,-3.406055079
0,1,0.343779141,1.019726501
0,1,0.821497853,1.101789136
0,1,0.126045499,0.950082841
0,1,-0.282590585,-1.572430028
0,0,0.447403084,0.53648229
0,1,0.536120805,0.902111508
0,1,0.4350669,0.712296006
0,1,0.335246614,0.940464223
0,1,0.221136915,1.192739861
0,1,-1.453397217,-0.61288162
0,1,-0.996033207,-0.589869991
1,1,0.424889548,0.828571698
1,0,1.775290454,1.667948266
1,1,0.134578026,0.02292117
1,0,0.345629568,1.045660242
1,1,0.722088773,1.134054119
1,0,-0.333477343,0.624267393
1,1,0.059121703,-0.080326775
1,1,0.178885486,0.872403373
1,0,-0.589041948,-0.933461617
0,0,1.232498373,0.480718659
0,1,-0.919240464,-1.806807732
0,0,-1.117441815,-1.113171483
0,0,1.58963089,1.587103177
0,0,0.57004531,0.765989808
0,1,0.85418874,1.015465088
0,1,0.409366517,0.323655159
0,1,0.723939201,1.059418518
0,1,-0.35208442,-0.546038316
0,1,-0.230675812,0.392324782
0,1,0.447711488,-1.16150808
0,0,2.695055748,2.219253327
0,1,0.195436532,0.275805581
0,0,0.183922761,0.477187774
0,1,1.69037639,1.516850743
0,0,0.287238299,0.069309692
0,1,-0.391251803,0.498494838
0,1,1.872951908,1.710440639
0,0,-0.803588742,-1.580344081
0,1,0.534681583,0.403404456
0,1,-1.640393201,-0.749612094
0,1,-0.458998012,-0.960004131
0,1,0.719004727,0.458437558
0,0,1.037483869,0.617205624
0,1,-1.335072655,-1.459441712
0,1,-1.763343832,-2.249751154
0,1,0.178679883,-1.774177486
0,0,-0.628414934,-0.253827153
0,1,-0.987911886,-1.76382834
0,1,0.978270188,0.842938747
0,0,-0.125509846,-1.159438251
0,1,-0.506389517,-0.402002564
0,1,-0.480175127,0.535264743
0,0,0.043701473,0.34070081
0,0,-0.302945288,0.63753865
0,0,-0.486034814,0.381732128
0,0,-0.91564241,-1.654370909
0,1,1.333243873,1.173624381
0,1,2.369277698,0.492407106
0,0,0.377600844,0.002953407
0,1,-0.85046624,-1.877547185
0,1,0.485028444,-0.498797512
0,0,-0.778710772,0.254376762
1,0,0.434450091,0.259125194
1,1,-0.303870502,0.762945941
1,1,0.826432327,1.456216927
1,1,0.222884541,0.99220995
0,1,1.901016726,0.829545736
0,0,0.330209339,0.30928811
0,0,0.325069262,1.137341495
0,1,0.516382911,0.918670141
0,0,1.195181417,1.138680796
0,1,-0.672722394,-0.8819594
0,1,-0.053651576,-0.607402661
0,0,1.936277651,1.436127409
0,1,-0.157892328,0.096947998
0,0,-0.089734914,-0.401759055
0,1,0.62041806,1.064653968
0,0,-0.44748424,0.448818941
0,1,0.606745456,0.781939667
0,1,-1.059153347,-0.818646981
0,0,0.57744702,0.497520801
0,0,0.853469129,0.436399966
0,1,-0.623069254,-0.457766194
0,1,1.109753345,1.25239964
0,0,0.03609416,0.181323971
0,0,2.512583032,1.88820243
